epoch,total_loss,loss_cost,loss_risk,loss_discard,loss_surplus,loss_shortage
1,210.56563719250832,44.56381875506399,1.8285920448748465,0.0,0.0,164.1732263925695
2,210.14773021344595,45.11682885430533,1.8670393114964157,0.0,0.0,163.16386204764422
3,209.56594869653767,45.67110057954167,1.9058487453713429,0.0,0.0,161.98899937162466
4,208.9413527726106,46.22656513114818,1.9450146870090177,0.0,0.0,160.7697729544534
5,208.80969197855262,46.782201263099196,1.98446350170985,0.0,0.0,160.04302721374358
6,210.22978155397973,47.33883899443027,2.024252375174393,0.0,0.0,160.86669018437507
7,208.70301123452896,47.89618179941412,2.0643587787957096,0.0,0.0,158.74247065631914
8,209.23989415357732,48.45387904019621,2.104755705631876,0.0,0.0,158.68125940774922
9,207.9496613295059,49.01115889609632,2.1453847076299497,0.0,0.0,156.7931177257796
10,207.76361260215333,49.56774377683176,2.186222311265511,0.0,0.0,156.00964651405604
11,209.09540928421734,50.12347363262235,2.227253288421455,0.0,0.0,156.74468236317355
12,208.4093292889931,50.679035359184994,2.268525286931347,0.0,0.0,155.46176864287673
13,209.08535729327403,51.23328815005017,2.3099502352417214,0.0,0.0,155.54211890798214
14,207.321769272861,51.7866872665532,2.3515584302830783,0.0,0.0,153.18352357602473
15,207.4065487253292,52.33838966362836,2.393282565520201,0.0,0.0,152.67487649618064
16,206.85883856854952,52.88803812756264,2.4350909861047363,0.0,0.0,151.53570945488215
17,206.39264646302473,53.43503238477771,2.4769328597263334,0.0,0.0,150.4806812185207
18,207.63404126453753,53.978553153977714,2.518739537353347,0.0,0.0,151.13674857320646
19,206.4573907915839,54.51920974348539,2.560551892387131,0.0,0.0,149.37762915571136
20,206.78110793645843,55.05634652762973,2.602313321455623,0.0,0.0,149.12244808737307
21,207.02659197190286,55.590541919306595,2.6440629639352236,0.0,0.0,148.79198708866105
22,205.14162313685046,56.12184364548962,2.685799211685945,0.0,0.0,146.33398027967488
23,206.573681376055,56.64859906040164,2.7273860588487717,0.0,0.0,147.1976962568046
24,206.577054161058,57.17152303395286,2.768873337750921,0.0,0.0,146.63665778935422
25,205.34176386644873,57.69028358147075,2.810228465732369,0.0,0.0,144.8412518192456
26,207.05619276267475,58.20445928143819,2.8514113089626894,0.0,0.0,146.00032217227388
27,207.2570820697029,58.71501425564099,2.892492988984092,0.0,0.0,145.64957482507782
28,205.10474238800225,59.220599867143946,2.933358809350079,0.0,0.0,142.95078371150822
29,205.1048423964654,59.72009045174247,2.973910408011391,0.0,0.0,142.41084153671153
30,206.04920672984028,60.21379122053511,3.0141649261096743,0.0,0.0,142.8212505831955
31,205.44042103804622,60.70146266274406,3.054095416159553,0.0,0.0,141.6848629591426
32,206.1679952412734,61.183476860079075,3.093725169305605,0.0,0.0,141.8907932118887
33,204.8250786743213,61.6588078322631,3.1329625067232163,0.0,0.0,140.033308335335
34,205.2006080163836,62.12795784718689,3.1718414850957024,0.0,0.0,139.900808684101
35,204.0727080990544,62.590129107874304,3.21028863214952,0.0,0.0,138.2722903590306
36,203.89901710045427,63.04288630942751,3.248092687778071,0.0,0.0,137.60803810324867
37,204.23043512713616,63.4866256533721,3.2852773825028505,0.0,0.0,137.4585320912612
38,205.37631162052335,63.922866657145796,3.321961828377845,0.0,0.0,138.1314831349997
39,205.4205011532977,64.35223682776824,3.358191735846154,0.0,0.0,137.7100725896833
40,203.96810189825587,64.77406252481538,3.3939033766156053,0.0,0.0,135.80013599682488
41,203.50949546941126,65.18767769045458,3.4290331092992816,0.0,0.0,134.8927846696574
42,204.2672615832147,65.59104418645842,3.4633997027789145,0.0,0.0,135.21281769397737
43,204.25458575622673,65.98600647453418,3.49715235433767,0.0,0.0,134.77142692735487
44,204.86678322776015,66.37205426753243,3.530240270102884,0.0,0.0,134.96448869012482
45,204.52597962932083,66.74987041958587,3.56271507439511,0.0,0.0,134.21339413533983
46,205.8269829379604,67.11903759935936,3.5945343034267316,0.0,0.0,135.11341103517432
47,205.14081833273679,67.48207250787604,3.6259092123471897,0.0,0.0,134.03283661251353
48,205.09680902946178,67.83683954275321,3.6566498666698406,0.0,0.0,133.60331962003875
49,204.879497825711,68.1829159833093,3.686713572737624,0.0,0.0,133.00986826966408
50,204.80527776289898,68.52134102930901,3.7161849291869617,0.0,0.0,132.567751804403
51,204.6082596436736,68.85182752138564,3.7450336663050803,0.0,0.0,132.01139845598289
52,204.11963311538375,69.1726569989919,3.7731040699173177,0.0,0.0,131.17387204647451
53,204.8881093835825,69.48554911608947,3.8005410795027212,0.0,0.0,131.6020191879903
54,204.0503278624035,69.78968563774046,3.8272678763576007,0.0,0.0,130.43337434830545
55,204.09865592976033,70.08371319313304,3.8531600352640107,0.0,0.0,130.16178270136328
56,204.35906809013238,70.36914510354025,3.878345569805497,0.0,0.0,130.11157741678662
57,204.65281422300515,70.64391380847206,3.9026368603519495,0.0,0.0,130.10626355418114
58,204.62368582483984,70.90957863558671,3.9261666526203105,0.0,0.0,129.78794053663282
59,204.28770938367276,71.16709884157551,3.9490156064616633,0.0,0.0,129.1715949356356
60,204.7809672311656,71.41554738596686,3.9710973415132393,0.0,0.0,129.3943225036855
61,204.71219660961668,71.655272641784,3.992438725837856,0.0,0.0,129.06448524199484
62,204.48287413630226,71.88910050116672,4.013288072177327,0.0,0.0,128.5804855629582
63,204.83991208860962,72.11599305798606,4.033550061273221,0.0,0.0,128.69036896935035
64,204.4284464831058,72.3361974073274,4.053243916812234,0.0,0.0,128.03900515896618
65,204.06827421252282,72.54899973253721,4.072302967172678,0.0,0.0,127.44697151281294
66,204.72175588987056,72.75299590732949,4.090598338095941,0.0,0.0,127.87816164444514
67,205.0614821108216,72.94832520371598,4.108139310700898,0.0,0.0,128.0050175964047
68,205.3366302929273,73.13670814466815,4.1250776436152945,0.0,0.0,128.07484450464386
69,204.27261967270357,73.31695970566916,4.141304248839783,0.0,0.0,126.81435571819463
70,204.06361670905292,73.49082557581622,4.156973934441841,0.0,0.0,126.41581719879487
71,203.5696065331203,73.65649928708004,4.1719216477096195,0.0,0.0,125.74118559833062
72,204.27965218527038,73.81454526351521,4.186195993088325,0.0,0.0,126.27891092866685
73,204.61548535867337,73.96653636027344,4.199937111303919,0.0,0.0,126.449011887096
74,204.27893679608792,74.1128874449736,4.213180939753323,0.0,0.0,125.95286841136101
75,204.6955298548109,74.25084712230094,4.225676705390187,0.0,0.0,126.21900602711976
76,204.4307168821352,74.38247938468415,4.237609572145585,0.0,0.0,125.81062792530544
77,204.44358473398563,74.51012227889527,4.249190295514907,0.0,0.0,125.68427215957546
78,203.75412682361483,74.63219079571951,4.26027400951447,0.0,0.0,124.86166201838084
79,204.70794501900096,74.74651933504629,4.270662677500489,0.0,0.0,125.69076300645418
80,203.79046877505203,74.85495626890152,4.280522899062628,0.0,0.0,124.6549896070879
81,204.70570015708267,74.95630148099684,4.289744335647961,0.0,0.0,125.45965434043788
82,205.0432901683247,75.05371559002047,4.298613599132052,0.0,0.0,125.69096097917217
83,203.2982156069943,75.14737980968596,4.307146541728054,0.0,0.0,123.84368925558027
84,204.35079197028708,75.23569605743734,4.315196846638358,0.0,0.0,124.79989906621138
85,204.16038957326253,75.31832235110986,4.322732505984587,0.0,0.0,124.51933471616809
86,203.9672565458259,75.39748552324394,4.329955956554889,0.0,0.0,124.23981506602708
87,203.61227719081526,75.47055584061414,4.336626601499697,0.0,0.0,123.80509474870142
88,202.9908598446311,75.53816313846133,4.342801216347481,0.0,0.0,123.10989548982229
89,203.61156029984062,75.59988695897712,4.348440748160389,0.0,0.0,123.66323259270311
90,205.38506397817685,75.65656484808746,4.353621144469224,0.0,0.0,125.37487798562017
91,204.2694123303712,75.71170470070541,4.35866270487083,0.0,0.0,124.19904492479499
92,203.74871841087543,75.7615818812378,4.363224565923903,0.0,0.0,123.62391196371374
93,204.94339428763732,75.80725606711968,4.3674032442846045,0.0,0.0,124.76873497623305
94,204.63937096705757,75.84949164625198,4.371268375272178,0.0,0.0,124.4186109455334
95,204.34243712108508,75.8895642315016,4.37493649221645,0.0,0.0,124.07793639736705
96,203.78122460366103,75.92578996871728,4.378253259342395,0.0,0.0,123.47718137560135
97,203.90000893381074,75.95701905352611,4.381113134429154,0.0,0.0,123.56187674585549
98,204.6855993556012,75.98416540966295,4.38359957017354,0.0,0.0,124.3178343757647
99,204.22481468571874,76.01025446983232,4.3859895549072005,0.0,0.0,123.82857066097922
100,203.92915481872078,76.03237948798271,4.388016698883269,0.0,0.0,123.5087586318548
101,204.5398207657227,76.04937538729641,4.389574088352662,0.0,0.0,124.10087129007364
102,204.52649155878754,76.06437838416885,4.390948996620858,0.0,0.0,124.07116417799784
103,202.97495979047972,76.07738825390848,4.3921413526555355,0.0,0.0,122.5054301839157
104,204.36664091471118,76.08698930738322,4.393021351283581,0.0,0.0,123.8866302560444
105,203.90739266996337,76.09710468486054,4.393948547055466,0.0,0.0,123.41633943804736
106,203.80073971808736,76.1045811884118,4.394633895296695,0.0,0.0,123.30152463437886
107,203.88961935288307,76.10863502678407,4.395005511403935,0.0,0.0,123.38597881469505
108,204.57441718696964,76.10941436645683,4.395076954672507,0.0,0.0,124.06992586584029
109,204.18023468765148,76.10891921267793,4.395031563123169,0.0,0.0,123.67628391185036
110,204.08821125532546,76.10788268606152,4.394936543494337,0.0,0.0,123.5853920257696
111,204.05854093732904,76.10683707011385,4.394840691247092,0.0,0.0,123.55686317596808
112,203.70225681888382,76.10247634535344,4.39444094758796,0.0,0.0,123.20533952594245
113,204.70701553563242,76.09564557432762,4.393814798512118,0.0,0.0,124.21755516279268
114,205.19426913422623,76.09054933212124,4.393347663730561,0.0,0.0,124.71037213837442
115,204.98086806172861,76.08543172935995,4.392878585667531,0.0,0.0,124.50255774670113
116,203.76073258911134,76.08058551682922,4.392434396722778,0.0,0.0,123.28771267555936
117,205.25455579714134,76.07299147668644,4.391738376885321,0.0,0.0,124.78982594356958
118,204.2503552952902,76.06763249889843,4.391247227684548,0.0,0.0,123.79147556870723
119,204.97949009591193,76.06230131778874,4.390758642056736,0.0,0.0,124.52643013606645
120,204.4304748934522,76.05809922557708,4.390373545056953,0.0,0.0,123.98200212281819
121,203.84857542292548,76.05390456462123,4.389989138985627,0.0,0.0,123.40468171931863
122,204.34392832693027,76.04809696989886,4.389456937165704,0.0,0.0,123.90637441986568
123,203.90923809122953,76.04213673756308,4.388910767509179,0.0,0.0,123.47819058615727
124,203.66231372238656,76.03457839177834,4.388218182436149,0.0,0.0,123.23951714817208
125,204.06383125326346,76.02813075326591,4.387627398890004,0.0,0.0,123.64807310110756
126,202.90826765594755,76.01908028650928,4.3867981631019095,0.0,0.0,122.50238920633635
127,205.1133202451041,76.00554086473369,4.385557719364738,0.0,0.0,124.72222166100568
128,204.569842762446,75.99734576220149,4.384806957208839,0.0,0.0,124.18769004303566
129,204.8383045010687,75.99044763602087,4.384175041731521,0.0,0.0,124.4636818233163
130,203.19244924599906,75.98577749868174,4.383747240445704,0.0,0.0,122.82292450687162
131,204.44407344447762,75.97800842687968,4.3830355928608355,0.0,0.0,124.0830294247371
132,204.82511162449595,75.96990910681723,4.382293730663338,0.0,0.0,124.47290878701537
133,204.31437290641264,75.96307589836374,4.381667867442651,0.0,0.0,123.96962914060627
134,204.23162674259407,75.95793171981894,4.381196722193969,0.0,0.0,123.89249830058115
135,203.37610433913287,75.95495860849219,4.380924427534767,0.0,0.0,123.04022130310591
136,203.13897886141496,75.95012538181984,4.3804817834154255,0.0,0.0,122.8083716961797
137,203.72775938123752,75.94513620229807,4.380024870368862,0.0,0.0,123.40259830857059
138,204.5052030451434,75.93895003987654,4.379458356127499,0.0,0.0,124.18679464913933
139,204.61115015554617,75.93194822822956,4.378817172632181,0.0,0.0,124.30038475468442
140,204.93244765549096,75.92348160003579,4.37804188697403,0.0,0.0,124.63092416848114
141,204.67042836836276,75.91755739595479,4.377499434044034,0.0,0.0,124.37537153836392
142,204.71284809946388,75.91145243401253,4.376940450597636,0.0,0.0,124.42445521485371
143,203.90834553349288,75.90729110446495,4.376559442341647,0.0,0.0,123.6244949866863
144,204.45307945528404,75.90552280633511,4.376397541224786,0.0,0.0,124.17115910772414
145,204.177936498208,75.90215472463856,4.376089172649548,0.0,0.0,123.8996926009199
146,204.06847542081715,75.89776287900952,4.375687081791878,0.0,0.0,123.79502546001576
147,204.60541500251867,75.8920351021003,4.375162697457734,0.0,0.0,124.33821720296062
148,204.70103014882253,75.8873963191221,4.374738025269093,0.0,0.0,124.43889580443133
149,204.65854227784087,75.8836233193686,4.374392622906488,0.0,0.0,124.40052633556577
150,204.07029821370799,75.88164831424125,4.374211822636605,0.0,0.0,123.81443807683013
151,204.76706279748464,75.87788512165926,4.3738673302537885,0.0,0.0,124.51531034557158
152,205.08268783303555,75.87892381116603,4.373962413780835,0.0,0.0,124.82980160808867
153,204.01108536387602,75.88361500278057,4.37439186156646,0.0,0.0,123.75307849952898
154,204.27954621679893,75.88774721020812,4.374770148289415,0.0,0.0,124.0170288583014
155,204.34059030865538,75.89243735414101,4.37519952347532,0.0,0.0,124.07295343103905
156,205.50251036809752,75.89549275866048,4.375479247543592,0.0,0.0,125.23153836189344
157,204.65195222911404,75.90181659115555,4.376058214804313,0.0,0.0,124.37407742315416
158,204.34662856716437,75.90842791340222,4.376663526759186,0.0,0.0,124.06153712700298
159,204.65268524354576,75.91536463032219,4.377298657291235,0.0,0.0,124.36002195593232
160,204.22615308426714,75.9227149695484,4.377971688928441,0.0,0.0,123.92546642579032
161,203.07092792299306,75.93176175783262,4.378800097180094,0.0,0.0,122.76036606798036
162,203.56249162111314,75.93658711821871,4.37924197099097,0.0,0.0,123.24666253190345
163,205.40536314690343,75.93933948207236,4.379494019694793,0.0,0.0,125.08652964513627
164,204.9026817915892,75.94506564715272,4.380018408972743,0.0,0.0,124.57759773546374
165,204.1630459885024,75.95089510345235,4.38055227638489,0.0,0.0,123.83159860866515
166,204.9443049435959,75.95508187011724,4.380935716445482,0.0,0.0,124.6082873570332
167,204.03668291364318,75.95813275242976,4.381215134097881,0.0,0.0,123.69733502711551
168,205.79611464687127,75.96173907075878,4.381545428585647,0.0,0.0,125.45283014752685
169,205.00524486089654,75.96880687306611,4.382192773738922,0.0,0.0,124.65424521409152
170,205.54988252357913,75.97334521705636,4.38260845878427,0.0,0.0,125.1939288477385
171,204.0404208029736,75.98045389379894,4.383259594159932,0.0,0.0,123.67670731501474
172,204.83391123272725,75.98696172168476,4.383855718347769,0.0,0.0,124.46309379269469
173,204.821033023353,75.99194576649944,4.3843122784414135,0.0,0.0,124.44477497841216
174,203.75803429101387,75.99542397426366,4.384630905616885,0.0,0.0,123.37797941113334
175,204.59031419666843,75.99639121591342,4.384719512653013,0.0,0.0,124.20920346810199
176,204.51612660888821,75.99839564380406,4.384903135881868,0.0,0.0,124.13282782920227
177,204.21406237789387,76.00110423658857,4.38515127039998,0.0,0.0,123.8278068709053
178,203.70862818209656,76.00246200918131,4.38527565766686,0.0,0.0,123.32089051524838
179,204.16377147572987,76.00190306156048,4.38522445164183,0.0,0.0,123.77664396252756
180,204.56948555777876,76.00131407654057,4.385170494036011,0.0,0.0,124.18300098720218
181,204.057124705919,75.99939743485045,4.384994909601985,0.0,0.0,123.67273236146656
182,204.96671801397684,75.99967909897772,4.385020712853792,0.0,0.0,124.58201820214535
183,204.65882133300994,76.00171613330727,4.385207326905017,0.0,0.0,124.27189787279767
184,203.58469884248623,76.00521903657784,4.385528235628743,0.0,0.0,123.19395157027965
185,204.9727532122738,76.00708545910587,4.385699225546702,0.0,0.0,124.57996852762123
186,203.93905472294296,76.00981132561837,4.385948955848456,0.0,0.0,123.54329444147612
187,203.81087252450266,76.0094279432827,4.38591383201745,0.0,0.0,123.41553074920252
188,205.50986074991528,76.0084427159357,4.385823570129358,0.0,0.0,125.11559446385021
189,203.8830598187672,76.0088947451145,4.3858649828454235,0.0,0.0,123.48830009080727
190,202.89735244169924,76.00889855757906,4.385865332125382,0.0,0.0,122.50258855199482
191,205.64856772792677,76.00419292207332,4.385434230292578,0.0,0.0,125.25894057556089
192,204.81905404039367,76.00309665818011,4.385333799021033,0.0,0.0,124.43062358319251
193,204.76703073502364,76.00180771501041,4.385215716819743,0.0,0.0,124.3800073031935
194,204.69766420981773,76.00037805405002,4.385084744323467,0.0,0.0,124.31220141144425
195,203.75957684597773,75.99966447186306,4.385019372862661,0.0,0.0,123.37489300125203
196,204.26640977556968,75.99767750086659,4.384837347411106,0.0,0.0,123.883894927292
197,203.99697494875466,75.99273752970402,4.384384808666717,0.0,0.0,123.61985261038393
198,203.50043093837746,75.98834149460285,4.383982110124881,0.0,0.0,123.12810733364974
199,205.0499176120738,75.98054629439235,4.383268057989115,0.0,0.0,124.68610325969235
200,203.8150789045151,75.97646396835626,4.3828941243855,0.0,0.0,123.45572081177335
201,204.38802371442023,75.97064292411443,4.382360943589027,0.0,0.0,124.03501984671678
202,205.2951144193797,75.96503405752628,4.381847215322359,0.0,0.0,124.94823314653107
203,204.51138620700237,75.95969440336478,4.3813581612542745,0.0,0.0,124.17033364238331
204,204.58473514540862,75.95390958541222,4.380828353146406,0.0,0.0,124.24999720685001
205,203.85236437268978,75.94887447880167,4.380367223401708,0.0,0.0,123.5231226704864
206,204.38908589736377,75.94520850968206,4.380031492236804,0.0,0.0,124.06384589544489
207,204.15176677408454,75.94149652352087,4.379691554516973,0.0,0.0,123.83057869604671
208,204.79105674004,75.94121393376113,4.379665675719167,0.0,0.0,124.47017713055969
209,203.8850512059662,75.93991447302216,4.37954667523503,0.0,0.0,123.56559005770899
210,203.45498010225856,75.93782368464062,4.379355209475568,0.0,0.0,123.13780120814238
211,203.8604293259018,75.93679652834743,4.3792611476484895,0.0,0.0,123.54437164990588
212,204.31324755565302,75.93458316105992,4.379058460580415,0.0,0.0,123.99960593401269
213,204.5230543413347,75.93305351022147,4.378918385827101,0.0,0.0,124.21108244528612
214,203.66791181048086,75.93296051794368,4.3789098702854625,0.0,0.0,123.3560414222517
215,204.60053291679478,75.93099738114685,4.378730101944702,0.0,0.0,124.29080543370323
216,204.54108228713594,75.9312174624246,4.378750255117025,0.0,0.0,124.23111456959431
217,203.68900410898686,75.93129890643283,4.378757713073789,0.0,0.0,123.37894748948025
218,203.69982036397067,75.93037049382676,4.3786726970830605,0.0,0.0,123.39077717306084
219,203.96097925359192,75.93188698781996,4.378811564728195,0.0,0.0,123.65028070104377
220,203.9083090655411,75.93284931664424,4.378899687303352,0.0,0.0,123.59656006159351
221,203.35416387224117,75.93149606304665,4.378775767032485,0.0,0.0,123.04389204216204
222,203.28695361851425,75.92378617745706,4.378069776303332,0.0,0.0,122.98509766475387
223,203.5147487155948,75.9148235430092,4.377249113993545,0.0,0.0,123.22267605859206
224,204.64856466221124,75.9045005121971,4.37630394323951,0.0,0.0,124.36776020677462
225,204.0703784258052,75.89615263125334,4.375539659955255,0.0,0.0,123.79868613459658
226,204.890263660244,75.88845930543685,4.3748353386724705,0.0,0.0,124.62696901613465
227,205.1595741751816,75.88411651434475,4.374437772390249,0.0,0.0,124.9010198884466
228,204.2578950526522,75.88287943778586,4.374324524602091,0.0,0.0,124.00069109026424
229,203.79581442454906,75.88064008268353,4.3741195257295775,0.0,0.0,123.54105481613594
230,204.71544036901585,75.8767897147261,4.373767055368801,0.0,0.0,124.46488359892095
231,204.20118761259513,75.87431802214947,4.37354079610298,0.0,0.0,123.95332879434268
232,204.52710947583452,75.87329491372398,4.373447141546577,0.0,0.0,124.28036742056396
233,203.5516161811376,75.8706850592558,4.373208240151679,0.0,0.0,123.3077228817301
234,203.56902343202137,75.86632329232415,4.372808980399436,0.0,0.0,123.32989115929779
235,204.5476866870254,75.86166767271075,4.37238283430364,0.0,0.0,124.313636180011
236,204.04576047308453,75.86026718695172,4.372254645047691,0.0,0.0,123.81323864108512
237,204.0215666908876,75.85770851511663,4.372020447563241,0.0,0.0,123.79183772820771
238,204.003431719719,75.85532860305707,4.37180261542973,0.0,0.0,123.7763005012322
239,204.2991250312574,75.85344736158771,4.371630428618836,0.0,0.0,124.07404724105088
240,202.9934260768992,75.85159337873463,4.37146073869359,0.0,0.0,122.77037195947096
241,205.66884052252374,75.8466929828812,4.371012228334362,0.0,0.0,125.45113531130818
242,204.34690543397215,75.84495656429746,4.370853305293621,0.0,0.0,124.13109556438107
243,204.9811176990431,75.84243079929225,4.370622141568967,0.0,0.0,124.76806475818188
244,204.84370353830502,75.84106349428785,4.370497004223146,0.0,0.0,124.63214303979403
245,203.35443739124517,75.8421140993248,4.370593156725482,0.0,0.0,123.14173013519489
246,204.27869679438277,75.84157120806671,4.370543470656283,0.0,0.0,124.06658211565977
247,204.89587049010993,75.83949010763455,4.370353007348741,0.0,0.0,124.68602737512663
248,204.86596653463545,75.83880902211746,4.370290674606411,0.0,0.0,124.6568668379116
249,202.78622106656647,75.83959643768496,4.37036273866667,0.0,0.0,122.57626189021484
250,204.25315594548562,75.8388473085025,4.370294178557955,0.0,0.0,124.04401445842518
251,205.09763664397363,75.836914894941,4.370117326029703,0.0,0.0,124.89060442300293
252,204.58493819493754,75.83699373837015,4.370124541659148,0.0,0.0,124.37781991490824
253,203.07924963522848,75.83740015229382,4.3701617360923235,0.0,0.0,122.87168774684233
254,202.72582172677255,75.83504991593715,4.369946647039569,0.0,0.0,122.52082516379583
255,203.6406138412994,75.82811181986995,4.369311704165867,0.0,0.0,123.4431903172636
256,204.43879046420648,75.8220542444777,4.368757364711594,0.0,0.0,124.24797885501717
257,204.75065356376223,75.81701653100237,4.368296370382878,0.0,0.0,124.56534066237697
258,204.35501782584134,75.81568245903685,4.368174293662517,0.0,0.0,124.17116107314197
259,204.90907686432823,75.81851895621529,4.3684338537795355,0.0,0.0,124.7221240543334
260,203.61280884076032,75.82185758911547,4.368739368777719,0.0,0.0,123.42221188286713
261,203.52351586398404,75.82158774216933,4.368714675116861,0.0,0.0,123.33321344669785
262,203.70852698989705,75.82081081474152,4.368643578812718,0.0,0.0,123.5190725963428
263,203.96701661030198,75.82357477005738,4.368896508756312,0.0,0.0,123.7745453314883
264,204.53542669914742,75.82431629765773,4.368964366785048,0.0,0.0,124.34214603470465
265,203.3696814244106,75.82779222719185,4.369282457156909,0.0,0.0,123.17260674006185
266,204.79229582691704,75.83168276117118,4.369638497020584,0.0,0.0,124.59097456872527
267,204.4370237478006,75.83510196546746,4.369951410477472,0.0,0.0,124.23197037185568
268,204.01823911697053,75.8407947331979,4.37047240701921,0.0,0.0,123.80697197675343
269,204.946083151534,75.84396083523671,4.370762173489085,0.0,0.0,124.7313601428082
270,204.75287415977522,75.84790326070697,4.371122998156212,0.0,0.0,124.53384790091204
271,204.07548521304085,75.8544198758008,4.37171944093076,0.0,0.0,123.8493458963093
272,203.283548401679,75.85777977399083,4.372026969900758,0.0,0.0,123.05374165778744
273,203.93915578887783,75.85911868950463,4.372149521609498,0.0,0.0,123.7078875777637
274,204.55797618278297,75.86150731632947,4.372368156508073,0.0,0.0,124.32410070994543
275,203.21435513248957,75.860614853376,4.372286467546093,0.0,0.0,122.98145381156749
276,204.53389831008218,75.85683308077488,4.371940319134638,0.0,0.0,124.30512491017268
277,204.88578395603497,75.85620761509705,4.371883070580435,0.0,0.0,124.65769327035748
278,203.538425273271,75.85878789417913,4.372119243628728,0.0,0.0,123.30751813546314
279,205.02646067438624,75.85763285076482,4.372013521994699,0.0,0.0,124.79681430162672
280,205.17974519602114,75.857506630432,4.372001969037432,0.0,0.0,124.95023659655172
281,205.31543516348475,75.85873612439536,4.3721145051014565,0.0,0.0,125.08458453398794
282,204.12382491844704,75.86175482248869,4.372390811333232,0.0,0.0,123.88967928462513
283,204.27622857417526,75.86502425868062,4.372690073813356,0.0,0.0,124.03851424168128
284,205.60793277648582,75.86890138394097,4.373044967921493,0.0,0.0,125.36598642462337
285,203.87790176321982,75.87578093571696,4.373674711107391,0.0,0.0,123.62844611639548
286,204.65418883463704,75.8801541413684,4.374075041232091,0.0,0.0,124.39995965203656
287,204.8389200656609,75.88364799991285,4.374394882281137,0.0,0.0,124.5808771834669
288,204.22752442047826,75.88608405963706,4.3746178924868415,0.0,0.0,123.96682246835437
289,203.84017854874176,75.88737649605974,4.374736210529607,0.0,0.0,123.57806584215241
290,204.30703209650198,75.88676669416449,4.3746803851776015,0.0,0.0,124.0455850171599
291,204.68222666602867,75.88682444594562,4.374685672153684,0.0,0.0,124.42071654792936
292,203.24907392657457,75.88694228164056,4.374696459610366,0.0,0.0,122.98743518532366
293,204.11551575927095,75.88635338111847,4.374642547850694,0.0,0.0,123.85451983030178
294,205.12664388819337,75.88578144948613,4.374590189719837,0.0,0.0,124.86627224898739
295,204.58804981766866,75.88846027825008,4.374835427731074,0.0,0.0,124.3247541116875
296,204.0623345732169,75.89126259241097,4.3750919747522605,0.0,0.0,123.79598000605365
297,205.00229341130296,75.88993889896146,4.374970792352079,0.0,0.0,124.73738371998944
298,205.1012803423881,75.88974951028075,4.374953454147316,0.0,0.0,124.83657737796003
299,204.5013637639928,75.89307058461745,4.375257495663348,0.0,0.0,124.233035683712
300,203.81011504558478,75.89929264842404,4.3758271370063095,0.0,0.0,123.53499526015443
301,204.8936018491684,75.90077760733996,4.375963090938873,0.0,0.0,124.61686115088956
302,204.26130613940228,75.9064639919011,4.376483713688663,0.0,0.0,123.97835843381252
303,205.15380057177063,75.91290684081,4.377073617308004,0.0,0.0,124.86382011365264
304,203.8564751270997,75.9199356541572,4.377717198160238,0.0,0.0,123.55882227478229
305,203.84303538684173,75.92713597575064,4.37837651170366,0.0,0.0,123.53752289938743
306,203.96300376055393,75.93073303999256,4.378705895865217,0.0,0.0,123.65356482469618
307,203.79917663214638,75.93195238656499,4.378817553419159,0.0,0.0,123.48840669216223
308,204.08276351836366,75.93194743422677,4.378817099923781,0.0,0.0,123.7719989842131
309,204.7946624050054,75.93269309527793,4.378885381732473,0.0,0.0,124.48308392799498
310,204.63118438686035,75.93415075943895,4.379018864122754,0.0,0.0,124.31801476329863
311,203.38816880237,75.93702751527071,4.379282300221875,0.0,0.0,123.07185898687742
312,204.4014454769876,75.93629105375236,4.379214859035642,0.0,0.0,124.08593956419958
313,204.64927881835342,75.93416258415806,4.379019946950296,0.0,0.0,124.33609628724508
314,204.93672234630304,75.93426254426242,4.37902910062154,0.0,0.0,124.62343070141907
315,204.07708893607258,75.9364109912064,4.379225842242021,0.0,0.0,123.76145210262416
316,205.43685109890916,75.93856320403353,4.379422931324145,0.0,0.0,125.11886496355149
317,204.51111711611793,75.94360227638168,4.379884395023802,0.0,0.0,124.18763044471243
318,203.9491868145468,75.9452491878883,4.380035217524438,0.0,0.0,123.62390240913408
319,204.2583496016158,75.94571119195885,4.380077527667106,0.0,0.0,123.93256088198984
320,203.772792542238,75.94513972172575,4.380025192675921,0.0,0.0,123.44762762783631
321,203.766487126953,75.94220251205681,4.379756207213868,0.0,0.0,123.44452840768233
322,204.9597518947219,75.93710331687356,4.379289241742444,0.0,0.0,124.6433593361059
323,204.29432020528162,75.93317738555797,4.378929729417279,0.0,0.0,123.98221309030637
324,205.40413708593834,75.92949067547411,4.378592131381266,0.0,0.0,125.09605427908296
325,205.1048868405398,75.92671723991384,4.378338168421295,0.0,0.0,124.79983143220464
326,203.29522150427994,75.92778273407373,4.378435735004011,0.0,0.0,122.98900303520219
327,203.6086384103425,75.92686313562209,4.378351527955287,0.0,0.0,123.30342374676512
328,203.33042071536133,75.92526136604562,4.378204856064856,0.0,0.0,123.02695449325086
329,203.86152606157694,75.91930776217195,4.377659705210595,0.0,0.0,123.5645585941944
330,203.8934331933363,75.91824411497595,4.377562312827695,0.0,0.0,123.59762676553267
331,204.55006423053595,75.91420740895492,4.377192699430641,0.0,0.0,124.25866412215039
332,204.17759664562476,75.9129858518094,4.3770808516557125,0.0,0.0,123.88752994215967
333,204.69788434490752,75.91166024450239,4.37695947782804,0.0,0.0,124.4092646225771
334,204.87583555347584,75.91074556790396,4.376875729771976,0.0,0.0,124.58821425579991
335,204.2304349167639,75.91270758327563,4.377055373050054,0.0,0.0,123.94067196043821
336,204.75370549329355,75.91324895316049,4.377104941575765,0.0,0.0,124.4633515985573
337,204.72172386547186,75.91543999656834,4.3773055580249185,0.0,0.0,124.4289783108786
338,204.51089382871203,75.92007777893025,4.37773021185042,0.0,0.0,124.21308583793137
339,204.25886576821028,75.92539633784983,4.3782172151960985,0.0,0.0,123.95525221516434
340,204.2780694652003,75.92541743508606,4.37821914703392,0.0,0.0,123.97443288308031
341,204.3398533509888,75.92523765081467,4.378202684503837,0.0,0.0,124.03641301567029
342,204.34780907411144,75.9240611908809,4.378094958582353,0.0,0.0,124.04565292464818
343,205.1569909614944,75.92062796372392,4.37778058976508,0.0,0.0,124.85858240800538
344,203.45719030281884,75.92058745112855,4.377776880205504,0.0,0.0,123.1588259714848
345,204.42372733146814,75.91529861797365,4.37729261302789,0.0,0.0,124.1311361004666
346,203.18958165259153,75.91158377656964,4.376952476383774,0.0,0.0,122.90104539963811
347,204.00031589359412,75.90593979022866,4.376435719106892,0.0,0.0,123.71794038425858
348,204.28434437252938,75.90362910921206,4.376224160830772,0.0,0.0,124.00449110248654
349,204.7417640132139,75.89986466665152,4.37587950741759,0.0,0.0,124.46601983914478
350,204.38137711654633,75.89570620436042,4.375498788818568,0.0,0.0,124.11017212336733
351,203.9706255936728,75.88912485076764,4.374896267797089,0.0,0.0,123.70660447510807
352,203.59713749586223,75.8842012386014,4.374445528477469,0.0,0.0,123.33849072878336
353,203.65237237411444,75.87677257693736,4.373765486560114,0.0,0.0,123.40183431061696
354,203.5774123388523,75.86896748133293,4.373051018244366,0.0,0.0,123.335393839275
355,203.6223333737516,75.86097186209955,4.3723191452318915,0.0,0.0,123.38904236642014
356,204.4230279013438,75.85030409728003,4.371342735468095,0.0,0.0,124.20138106859568
357,204.29479927177871,75.84229738074347,4.370609930901667,0.0,0.0,124.08189196013358
358,204.47278674606443,75.83704013138157,4.37012878747788,0.0,0.0,124.26561782720498
359,204.40621441419336,75.83202103759574,4.369669454586121,0.0,0.0,124.2045239220115
360,204.22871835571272,75.8252887557029,4.3690533579895705,0.0,0.0,124.03437624202024
361,204.27019034718023,75.82038069435808,4.368604218822572,0.0,0.0,124.08120543399957
362,204.5287329721249,75.815503990987,4.368157962689928,0.0,0.0,124.34507101844798
363,203.90127465414042,75.81454503139261,4.368070212036584,0.0,0.0,123.71865941071123
364,204.57820889206036,75.81025353912568,4.367677520664334,0.0,0.0,124.40027783227035
365,204.35243850345734,75.8082119329915,4.3674907079143575,0.0,0.0,124.1767358625515
366,203.52993821562214,75.80560536684058,4.367252203136666,0.0,0.0,123.35708064564488
367,204.71542326949273,75.80269994228193,4.36698635687394,0.0,0.0,124.54573697033686
368,204.25239662793564,75.80347036030159,4.367056849636619,0.0,0.0,124.08186941799745
369,204.99404701343127,75.80514258123017,4.367209857948051,0.0,0.0,124.82169457425304
370,204.53834354227374,75.8081851013207,4.367488252756048,0.0,0.0,124.36267018819699
371,203.74217014966035,75.81241147418842,4.367874980395898,0.0,0.0,123.56188369507603
372,204.62873799093896,75.81551072010839,4.36815857844742,0.0,0.0,124.44506869238315
373,203.95277510439445,75.8213771007984,4.368695399379438,0.0,0.0,123.76270260421661
374,204.02210292424795,75.82357000653533,4.368896072842028,0.0,0.0,123.82963684487058
375,204.2899056913215,75.82515249246941,4.369040888289133,0.0,0.0,124.09571231056296
376,205.57049785316872,75.82767767245065,4.369271973878374,0.0,0.0,125.37354820683969
377,203.1869846706208,75.83493907850449,4.369936503490534,0.0,0.0,122.98210908862578
378,204.11091650771164,75.83827714493276,4.370241997547737,0.0,0.0,123.90239736523112
379,204.6373684644803,75.84152004483559,4.370538788143618,0.0,0.0,124.42530963150108
380,203.95662656307297,75.84653750131702,4.370997998054025,0.0,0.0,123.73909106370192
381,204.5238023376038,75.85032192156464,4.371344366853419,0.0,0.0,124.30213604918573
382,205.5052318134401,75.85252951081472,4.371546420032868,0.0,0.0,125.28115588259253
383,204.04623123723167,75.85722952785225,4.371976605847397,0.0,0.0,123.81702510353203
384,205.00334915264727,75.8640362106616,4.372599633823254,0.0,0.0,124.76671330816242
385,204.44688048688596,75.87242895748099,4.373367873040578,0.0,0.0,124.20108365636437
386,204.71417178508986,75.88049556260052,4.374106295922144,0.0,0.0,124.4595699265672
387,204.32766414441352,75.88844036608208,4.374833604822312,0.0,0.0,124.06439017350912
388,204.6659013017864,75.89698295390997,4.3756156776965724,0.0,0.0,124.39330267017986
389,204.57440923693372,75.91080511692044,4.376881182082951,0.0,0.0,124.28672293793034
390,203.66846891303925,75.92286309980301,4.37798525274408,0.0,0.0,123.36762056049217
391,203.80399608616548,75.93039138910981,4.3786746104868906,0.0,0.0,123.49493008656877
392,204.4230321249018,75.93574409288867,4.379164771498079,0.0,0.0,124.10812326051503
393,203.95047563085473,75.93989802262355,4.379545168765908,0.0,0.0,123.63103243946527
394,203.18993687311794,75.93852285761477,4.379419236573257,0.0,0.0,122.87199477892992
395,203.63927346395457,75.9310469869371,4.378734644418852,0.0,0.0,123.32949183259862
396,205.82203802914012,75.92453138274556,4.378138012952897,0.0,0.0,125.51936863344166
397,204.32488103079578,75.92322930001282,4.378018784584014,0.0,0.0,124.02363294619893
398,204.23047165435702,75.92443090865561,4.37812881276476,0.0,0.0,123.92791193293664
399,205.39419350787665,75.92259818243589,4.377960995113209,0.0,0.0,125.09363433032753
400,203.70298830325234,75.92278779284155,4.377978357123917,0.0,0.0,123.40222215328687
401,203.99251309215893,75.92142080869888,4.377853187266626,0.0,0.0,123.69323909619342
402,203.13697924982176,75.92341768631866,4.378036034574739,0.0,0.0,122.83552552892839
403,203.25320322218874,75.9217074248296,4.377879431595218,0.0,0.0,122.9536163657639
404,204.23714110403859,75.91544658488924,4.3773061612692326,0.0,0.0,123.94438835788011
405,203.23978868657895,75.90913088190285,4.376727889800761,0.0,0.0,122.95392991487535
406,204.00235458051426,75.9009042268372,4.375974683518121,0.0,0.0,123.72547567015894
407,204.08614117343583,75.89220648738822,4.375178387702919,0.0,0.0,123.8187562983447
408,204.86934549163897,75.88387709903662,4.374415855123186,0.0,0.0,124.61105253747914
409,204.3694490401477,75.87797709045445,4.373875749220086,0.0,0.0,124.11759620047317
410,204.1844166349383,75.87109094870985,4.373245394291986,0.0,0.0,123.94008029193645
411,204.10777945450116,75.86680274896291,4.372852867533862,0.0,0.0,123.86812383800437
412,204.14335069006762,75.86411569622709,4.372606909434881,0.0,0.0,123.90662808440565
413,204.2572077893081,75.86246139943486,4.372455486185094,0.0,0.0,124.02229090368813
414,204.71390627616583,75.86297253680932,4.372502272112731,0.0,0.0,124.47843146724378
415,205.36049905061128,75.86928891553322,4.373080441236034,0.0,0.0,125.11812969384202
416,203.72445167246485,75.87788906587659,4.373867691313467,0.0,0.0,123.47269491527481
417,205.24711695258182,75.88256997595903,4.374296195150366,0.0,0.0,124.99025078147243
418,203.616669623664,75.8886678545521,4.374854430831307,0.0,0.0,123.35314733828059
419,204.4308000682054,75.89078550606102,4.375048298008547,0.0,0.0,124.16496626413583
420,203.95669494613816,75.89100768809877,4.375068638519888,0.0,0.0,123.6906186195195
421,203.5399408740792,75.8887947223879,4.374866045281785,0.0,0.0,123.2762801064095
422,204.42857012116417,75.88251747677577,4.374291389157212,0.0,0.0,124.17176125523117
423,205.0865304924762,75.87725768926268,4.373809894245221,0.0,0.0,124.83546290896827
424,205.44636169634327,75.874177941759,4.373527973217202,0.0,0.0,125.19865578136705
425,204.99525982462876,75.87239253750525,4.373364539212717,0.0,0.0,124.74950274791078
426,204.6919948786279,75.87152498552965,4.3732851250768645,0.0,0.0,124.44718476802139
427,204.55239586979775,75.86908697542889,4.373061956320033,0.0,0.0,124.31024693804882
428,205.0361313629483,75.86738989290585,4.372906612018039,0.0,0.0,124.79583485802442
429,204.99472413096072,75.86997858238207,4.3731435711863345,0.0,0.0,124.75160197739233
430,204.42109712022256,75.87809926009123,4.37388693282568,0.0,0.0,124.16911092730564
431,203.27165833672393,75.8851446958873,4.374531897605194,0.0,0.0,123.01198174323144
432,204.4587516109757,75.88937918840622,4.374919551881299,0.0,0.0,124.19445287068817
433,204.1670291241467,75.89563520200306,4.375492288443076,0.0,0.0,123.89590163370056
434,204.98180794651356,75.89573783278743,4.375501684450832,0.0,0.0,124.7105684292753
435,204.68641840813993,75.90144843663217,4.376024508452904,0.0,0.0,124.40894546305486
436,204.72365746406433,75.91175906994793,4.37696852634285,0.0,0.0,124.43492986777353
437,205.06355976066305,75.91945669684888,4.377673342398953,0.0,0.0,124.76642972141524
438,204.22320225997123,75.92693343982896,4.378357965650246,0.0,0.0,123.91791085449204
439,203.70510138482342,75.93109522367295,4.3787390615280355,0.0,0.0,123.39526709962244
440,205.06532930127315,75.93133647812718,4.378761153574577,0.0,0.0,124.7552316695714
441,204.6277743111969,75.93282760726719,4.378897699322015,0.0,0.0,124.31604900460769
442,205.28384565945987,75.93779148293353,4.379352260595551,0.0,0.0,124.96670191593078
443,204.23475997944735,75.94808920779147,4.3802953072790825,0.0,0.0,123.90637546437681
444,203.6377643432474,75.95835152481973,4.381235170754629,0.0,0.0,123.29817764767301
445,204.3416166913462,75.96185228555686,4.381555797789811,0.0,0.0,123.99820860799952
446,204.2742409489474,75.96820557494641,4.382137699312901,0.0,0.0,123.9238976746881
447,203.9478075907872,75.97347001641694,4.382619889819683,0.0,0.0,123.59171768455059
448,204.22886799385745,75.9787811923464,4.383106376717239,0.0,0.0,123.86698042479381
449,204.53419184274225,75.98213727300697,4.383413791261377,0.0,0.0,124.16864077847391
450,204.28323363016585,75.98472543825001,4.383650869640098,0.0,0.0,123.91485732227576
451,204.16505781490523,75.98652183768304,4.383815423738901,0.0,0.0,123.79472055348329
452,205.49437287841454,75.9870684079918,4.3838654911292565,0.0,0.0,125.1234389792935
453,203.85572927758253,75.98943605279119,4.38408237604821,0.0,0.0,123.48221084874312
454,205.68355588089082,75.98739643650667,4.383895539552201,0.0,0.0,125.31226390483197
455,203.86975000418568,75.99056904770713,4.384186163639908,0.0,0.0,123.49499479283865
456,204.22663218113686,75.98915317698686,4.384056463424564,0.0,0.0,123.85342254072543
457,203.98172541291206,75.98462283908496,4.383641471388025,0.0,0.0,123.61346110243906
458,203.35939193625768,75.97894143568215,4.3831210547460255,0.0,0.0,122.99732944582952
459,204.1186160803478,75.97109590006974,4.382402433412614,0.0,0.0,123.76511774686544
460,204.10911773719278,75.96408222296157,4.381760036485217,0.0,0.0,123.76327547774599
461,204.56312835210315,75.95629683107907,4.381046989051268,0.0,0.0,124.22578453197279
462,204.16083843861094,75.9494045629534,4.3804157693819405,0.0,0.0,123.83101810627561
463,204.01935500245492,75.94050348407349,4.379600614877167,0.0,0.0,123.69925090350428
464,204.3412745252072,75.9286297863867,4.378513299469917,0.0,0.0,124.03413143935059
465,203.87284085745776,75.91902709198467,4.377634005707738,0.0,0.0,123.57617975976535
466,204.69869666229792,75.90754820938872,4.376582982395711,0.0,0.0,124.41456547051348
467,204.50131772275665,75.89813152802742,4.375720832651565,0.0,0.0,124.22746536207767
468,204.97960280262922,75.88744623513504,4.374742594925254,0.0,0.0,124.71741397256892
469,203.26205470400078,75.87758657876262,4.373840001206363,0.0,0.0,123.0106281240318
470,204.39512129708334,75.8670842399762,4.3728786339157875,0.0,0.0,124.15515842319137
471,204.58680506275772,75.8587355629762,4.372114453714346,0.0,0.0,124.3559550460672
472,205.38834303156693,75.85285892148045,4.371576570112724,0.0,0.0,125.16390753997375
473,204.97529680848766,75.85582995191501,4.371848503368911,0.0,0.0,124.74761835320375
474,203.43884839985492,75.86187232585316,4.37240156670666,0.0,0.0,123.2045745072951
475,204.89747994496696,75.86247957592576,4.372457149930969,0.0,0.0,124.66254321911025
476,203.81282323048987,75.86474924915328,4.372664901035278,0.0,0.0,123.57540908030131
477,204.6711000793726,75.86544677859592,4.372728748920348,0.0,0.0,124.4329245518563
478,204.53850446569493,75.86882351999142,4.3730378405324695,0.0,0.0,124.29664310517104
479,204.02108836610302,75.870046133006,4.373149754573973,0.0,0.0,123.77789247852303
480,205.08980562825062,75.86950149659859,4.373099900214541,0.0,0.0,124.84720423143749
481,205.1107189781049,75.87247089744733,4.373371712160706,0.0,0.0,124.86487636849688
482,203.87117186631764,75.8808561559342,4.3741393057532925,0.0,0.0,123.61617640463017
483,204.3088726043389,75.88544211639554,4.3745591251737475,0.0,0.0,124.0488713627696
484,204.52587872078078,75.8881218105881,4.374804441900612,0.0,0.0,124.26295246829207
485,204.19317568447698,75.89024945520931,4.374999223280878,0.0,0.0,123.92792700598679
486,205.08794433850096,75.89109816051402,4.375076921173951,0.0,0.0,124.82176925681297
487,204.93599729072884,75.89946573192512,4.375842983429694,0.0,0.0,124.66068857537402
488,203.9363768727454,75.91102846955675,4.376901632279477,0.0,0.0,123.64844677090917
489,203.43430686343544,75.92455503135776,4.378140178404353,0.0,0.0,123.13161165367333
490,203.57100650822616,75.93236582231232,4.37885541259471,0.0,0.0,123.25978527331914
491,203.83148757884032,75.93717561480679,4.3792958624179965,0.0,0.0,123.51501610161554
492,205.16606406483913,75.94026150682672,4.379578455394783,0.0,0.0,124.84622410261765
493,205.21800664277322,75.94378859440957,4.37990145776496,0.0,0.0,124.89431659059869
494,204.61965677504605,75.94701160263494,4.380196619386673,0.0,0.0,124.29244855302441
495,204.13234265033987,75.95168435238062,4.380624558057588,0.0,0.0,123.80003373990164
496,204.7163551603848,75.95658947911265,4.381073791443384,0.0,0.0,124.37869188982879
497,204.6282282385186,75.96177326718384,4.381548560593416,0.0,0.0,124.28490641074134
498,204.0576328500782,75.96723034871917,4.382048376291834,0.0,0.0,123.70835412506719
499,204.6746681767219,75.97033728170351,4.3823329486811,0.0,0.0,124.32199794633729
500,204.27193783097425,75.9746200346507,4.382725226502234,0.0,0.0,123.91459256982132
501,204.93421542393804,75.97607923062145,4.382858883595641,0.0,0.0,124.57527730972096
502,204.71370323046088,75.97645928908368,4.382893695778064,0.0,0.0,124.35435024559914
503,204.09134374212542,75.97498921292237,4.3827590417885585,0.0,0.0,123.73359548741449
504,204.3728915811736,75.96899883146307,4.382210355740169,0.0,0.0,124.02168239397037
505,205.24257594331522,75.96122277133045,4.381498141447222,0.0,0.0,124.89985503053754
506,205.21502489899714,75.95644601297579,4.381060651982405,0.0,0.0,124.87751823403894
507,204.74585187549985,75.95864843773586,4.38126236409292,0.0,0.0,124.40594107367107
508,203.94584566060865,75.95519494367872,4.380946072290347,0.0,0.0,123.60970464463959
509,204.22697576624992,75.9525397385544,4.380702897164132,0.0,0.0,123.89373313053139
510,204.25607339025777,75.94880904169547,4.380361230574644,0.0,0.0,123.92690311798764
511,203.9569929370165,75.94667731774915,4.380166005457707,0.0,0.0,123.63014961380965
512,205.57110600514085,75.9457184477739,4.380078192152618,0.0,0.0,125.24530936521431
513,203.9909927055721,75.94554260659167,4.38006208867463,0.0,0.0,123.66538801030579
514,203.09899852547824,75.94193491338757,4.379731701151688,0.0,0.0,122.77733191093898
515,203.6703167918086,75.93706536695754,4.379285766484092,0.0,0.0,123.35396565836697
516,203.47658006655416,75.92833319680814,4.378486140756307,0.0,0.0,123.16976072898973
517,204.5440381665413,75.91811781608638,4.377550748368297,0.0,0.0,124.24836960208663
518,203.87712352618334,75.91039190208231,4.376843348152513,0.0,0.0,123.58988827594851
519,202.6888198523572,75.90396581973474,4.3762549887402855,0.0,0.0,122.40859904388216
520,203.6638312282176,75.89037852717075,4.375011039628912,0.0,0.0,123.39844166141792
521,204.18267652116782,75.87610458614122,4.373704338207187,0.0,0.0,123.93286759681939
522,204.10017459621673,75.85950090072842,4.372184505808457,0.0,0.0,123.86848918967986
523,204.46989747756072,75.84260816707658,4.3706383745522865,0.0,0.0,124.25665093593187
524,204.27396556591157,75.82731527488886,4.369238809742523,0.0,0.0,124.07741148128017
525,204.51869982917822,75.81273921115081,4.367904969874875,0.0,0.0,124.33805564815253
526,205.1406491295453,75.80084923957207,4.36681702011142,0.0,0.0,124.97298286986181
527,204.99402008297506,75.7933153148782,4.366127696258292,0.0,0.0,124.83457707183855
528,204.71328200463,75.79082458934518,4.365899811915183,0.0,0.0,124.55655760336963
529,204.5110809612683,75.78884580574135,4.365718769249467,0.0,0.0,124.3565163862775
530,204.93218318062625,75.78578415158947,4.365438657054801,0.0,0.0,124.78096037198199
531,204.17794539976524,75.78623727269303,4.3654801129867815,0.0,0.0,124.02622801408543
532,204.51651458836,75.78650839587745,4.365504918031823,0.0,0.0,124.36450127445072
533,204.70215747564237,75.7874637044824,4.365592319493274,0.0,0.0,124.54910145166669
534,204.6751138895705,75.79328233797958,4.366124679074863,0.0,0.0,124.51570687251606
535,203.273047193955,75.80553752622417,4.367245995667961,0.0,0.0,123.10026367206287
536,204.68699635002162,75.81473710482777,4.3680877878861875,0.0,0.0,124.50417145730766
537,203.39323845708773,75.82710463542043,4.369219533499097,0.0,0.0,123.19691428816822
538,204.187548841737,75.83440209252936,4.369887360050699,0.0,0.0,123.98325938915696
539,204.60336727099303,75.83975023160474,4.3703768138855015,0.0,0.0,124.39324022550278
540,204.50371840844815,75.84763533542493,4.37109847641316,0.0,0.0,124.28498459661004
541,204.7183220007044,75.8582924976707,4.37207389967537,0.0,0.0,124.48795560335833
542,205.22580525806458,75.87077974820522,4.373216907741112,0.0,0.0,124.98180860211825
543,203.96688136626545,75.88795042515828,4.3747887520367374,0.0,0.0,123.70414218907045
544,204.42228611926248,75.9041652654802,4.376273249249293,0.0,0.0,124.14184760453297
545,204.37854747553268,75.9220625913509,4.377911952881644,0.0,0.0,124.07857293130014
546,204.9063126731836,75.94201138568832,4.37973870430257,0.0,0.0,124.58456258319272
547,204.36973408980822,75.96003730335002,4.381389566669964,0.0,0.0,124.02830721978822
548,203.6252722562864,75.97404450025572,4.38267250995475,0.0,0.0,123.26855524607595
549,204.77319727973537,75.98713566718905,4.383871652274083,0.0,0.0,124.40218996027225
550,203.73711291232286,75.99723163272847,4.384796501951773,0.0,0.0,123.35508477764262
551,204.4551963249461,76.00266233186198,4.385294009569124,0.0,0.0,124.06723998351497
552,203.90043513383608,76.00688213614919,4.385680598278422,0.0,0.0,123.50787239940847
553,203.87752498017272,76.00960615369243,4.385930158873936,0.0,0.0,123.48198866760634
554,204.80544980565287,76.00895171659573,4.385870202303751,0.0,0.0,124.41062788675337
555,204.2218555399324,76.01034950191689,4.385998261372127,0.0,0.0,123.82550777664338
556,203.91200563715313,76.01214747523883,4.386162985556465,0.0,0.0,123.51369517635784
557,204.10975831748812,76.01246837423129,4.386192385419016,0.0,0.0,123.71109755783782
558,203.96127399166613,76.00678389521536,4.385671598023032,0.0,0.0,123.56881849842773
559,204.73067830915076,76.00053467290905,4.385099092258634,0.0,0.0,124.34504454398308
560,204.90674608382488,75.99317966781337,4.384425311304358,0.0,0.0,124.52914110470715
561,204.7868003879642,75.99017400788722,4.384149976077322,0.0,0.0,124.41247640399965
562,205.13069433118358,75.98863921696147,4.384009382621186,0.0,0.0,124.75804573160092
563,204.36825060847372,75.9873739976591,4.383893484082679,0.0,0.0,123.99698312673193
564,204.09102778156563,75.98616437736978,4.383782679451343,0.0,0.0,123.72108072474451
565,204.90812819122925,75.98186350232103,4.383388713828578,0.0,0.0,124.54287597507965
566,204.47798246301548,75.97969133940688,4.3831897448988775,0.0,0.0,124.11510137870972
567,204.83626101520068,75.97789671594094,4.383025360377747,0.0,0.0,124.47533893888199
568,204.6761514870684,75.97887749753923,4.383115198114451,0.0,0.0,124.31415879141474
569,204.25165793261698,75.98109244480203,4.383318085079513,0.0,0.0,123.88724740273543
570,204.60497119920038,75.98601281953322,4.383768796383932,0.0,0.0,124.23518958328323
571,204.32425414032565,75.98707348976828,4.383865956635181,0.0,0.0,123.95331469392221
572,203.64643367264105,75.98314123202255,4.3835057544072695,0.0,0.0,123.27978668621124
573,203.17173741458848,75.97867341809201,4.383096504779045,0.0,0.0,122.80996749171742
574,204.7546844135743,75.96921199792689,4.382229880271297,0.0,0.0,124.40324253537612
575,203.99347225867052,75.96061302111835,4.381442295476139,0.0,0.0,123.65141694207604
576,204.62566163769057,75.94951464412054,4.380425850816478,0.0,0.0,124.29572114275355
577,203.9571024431351,75.9378789956121,4.3793602745940685,0.0,0.0,123.63986317292895
578,204.34843067214868,75.92610970308161,4.378282536968794,0.0,0.0,124.04403843209828
579,204.10115645032892,75.91540284398312,4.3773021562351335,0.0,0.0,123.80845145011068
580,204.72521630657542,75.90644036696027,4.376481550645393,0.0,0.0,124.44229438896974
581,203.68079344650386,75.90262049644707,4.37613181654002,0.0,0.0,123.40204113351675
582,204.42331053523083,75.8957105111781,4.375499183114471,0.0,0.0,124.15210084093825
583,203.4175872999253,75.89316123130496,4.375265794377181,0.0,0.0,123.14916027424314
584,203.14616244593867,75.88532779155258,4.374548659220101,0.0,0.0,122.886285995166
585,204.2337953796025,75.87380236583748,4.373493593248068,0.0,0.0,123.98649942051694
586,204.20620186515495,75.86092350700042,4.372314719193722,0.0,0.0,123.9729636389608
587,203.37477702417897,75.84649547123223,4.370994151298762,0.0,0.0,123.15728740164798
588,204.4107353197852,75.83074304121422,4.369552498335649,0.0,0.0,124.21043978023533
589,204.97554819044677,75.81973497526499,4.368545129753803,0.0,0.0,124.78726808542798
590,204.79589579089134,75.81074111076921,4.3677221351998075,0.0,0.0,124.6174325449223
591,203.44613234901468,75.80765039149983,4.367439325687794,0.0,0.0,123.27104263182704
592,204.76497955968452,75.80397403516717,4.367102935749939,0.0,0.0,124.5939025887674
593,202.96976962022302,75.80393581866318,4.367099438945194,0.0,0.0,122.79873436261467
594,204.14195034439317,75.80149437330734,4.366876048745091,0.0,0.0,123.97357992234075
595,204.66310616650821,75.79867922711028,4.36661846940404,0.0,0.0,124.49780846999387
596,203.99563424018453,75.79791638579705,4.366548671964553,0.0,0.0,123.83116918242293
597,203.56260322435543,75.79479822293155,4.366263373859704,0.0,0.0,123.40154162756416
598,203.9558734267166,75.79096030018698,4.365912228438464,0.0,0.0,123.79900089809115
599,204.54077107698134,75.78609624021792,4.365467209949881,0.0,0.0,124.38920762681353
600,204.6267373824203,75.78375529480333,4.36525303889487,0.0,0.0,124.4777290487221
601,203.11719887070373,75.78747347843688,4.3655932137178635,0.0,0.0,122.964132178549
602,203.76955035266693,75.78724321354483,4.36557214666773,0.0,0.0,123.61673499245437
603,203.79589111091266,75.7848477241435,4.36535298391813,0.0,0.0,123.64569040285103
604,204.15966663366328,75.78096067985413,4.364997366057052,0.0,0.0,124.01370858775209
605,204.41049189952116,75.77694384859227,4.364629883200714,0.0,0.0,124.26891816772817
606,204.11563062173815,75.77108650802901,4.364094036266158,0.0,0.0,123.980450077443
607,203.6812818749762,75.76833615003316,4.363842432014455,0.0,0.0,123.54910329292858
608,204.2119399325015,75.76450835238805,4.3634922700975425,0.0,0.0,124.08393931001592
609,204.04567627288088,75.76057751025456,4.363132690408611,0.0,0.0,123.92196607221773
610,204.45875934002075,75.75692330155232,4.362798423997247,0.0,0.0,124.33903761447118
611,204.99542250758736,75.75763596070183,4.36286361344723,0.0,0.0,124.8749229334383
612,204.32476861996656,75.76223056258418,4.3632839047914755,0.0,0.0,124.1992541525909
613,204.38953097486342,75.76674644840597,4.363697007187379,0.0,0.0,124.25908751927007
614,204.00211744214081,75.77442474238242,4.364399425500959,0.0,0.0,123.86329327425743
615,204.1683548533554,75.77844765414736,4.364767458927338,0.0,0.0,124.02513974028071
616,205.16202917063657,75.78783425664707,4.365626221556878,0.0,0.0,125.00856869243263
617,204.9104916567481,75.79864429412629,4.36661527314518,0.0,0.0,124.7452320894766
618,204.8609837654876,75.81113475025563,4.367758154707387,0.0,0.0,124.68209086052457
619,204.6517210811192,75.82427221271043,4.368960332513032,0.0,0.0,124.45848853589575
620,204.30479696606895,75.8397374703897,4.370375645978652,0.0,0.0,124.0946838497006
621,204.73426932870711,75.85893432650923,4.372132646698292,0.0,0.0,124.50320235549961
622,203.96949139770925,75.87782014844012,4.373861382507306,0.0,0.0,123.71780986676184
623,203.14645984003926,75.8949682340535,4.375431226635639,0.0,0.0,122.87606037935014
624,204.34041686352077,75.90455854161652,4.3763092562120045,0.0,0.0,124.05954906569222
625,204.61868081713163,75.9119339186999,4.376984535608928,0.0,0.0,124.32976236282282
626,203.68957180970202,75.91818501262475,4.377556901165848,0.0,0.0,123.39382989591142
627,204.37952988964193,75.91777817707077,4.377519649631069,0.0,0.0,124.08423206294009
628,204.51437962611038,75.91881121323668,4.377614238848691,0.0,0.0,124.21795417402501
629,203.72044211595738,75.91855436900862,4.377590721034539,0.0,0.0,123.42429702591424
630,204.50956656001472,75.91343794147409,4.377122245628653,0.0,0.0,124.21900637291196
631,204.73562578039952,75.90873393361815,4.376691545607571,0.0,0.0,124.45020030117381
632,205.309613225256,75.90457783353719,4.376311022513811,0.0,0.0,125.028724369205
633,203.89113540231511,75.90271342320509,4.376140324494405,0.0,0.0,123.61228165461563
634,204.57708844673925,75.89647288985087,4.375568980240367,0.0,0.0,124.30504657664801
635,205.18277843983822,75.88820151026798,4.374811738192341,0.0,0.0,124.91976519137789
636,204.8527524481476,75.88592373865754,4.374603215726421,0.0,0.0,124.59222549376364
637,205.4418748189965,75.88503836665475,4.374522163633282,0.0,0.0,125.18231428870844
638,203.6966953704935,75.89142125678623,4.375106500334071,0.0,0.0,123.4301676133732
639,204.86549016304065,75.89117456575698,4.375083915996843,0.0,0.0,124.59923168128682
640,204.69707043910148,75.8879121748952,4.374785250332803,0.0,0.0,124.43437301387348
641,204.94433499810327,75.88909198566498,4.374893259067644,0.0,0.0,124.68034975337066
642,204.20395485108077,75.89294147375647,4.375245675558355,0.0,0.0,123.93576770176595
643,205.33255026938218,75.8975422031773,4.375666878332251,0.0,0.0,125.05934118787263
644,203.81275806900038,75.90571025861877,4.376414703820859,0.0,0.0,123.53063310656076
645,204.76978438419422,75.91633501220383,4.377387508278328,0.0,0.0,124.47606186371206
646,203.50028681266653,75.92517717958206,4.378197147263324,0.0,0.0,123.19691248582114
647,203.96658777101393,75.9269369104444,4.3783582834515515,0.0,0.0,123.66129257711799
648,204.19056722471922,75.92604702231372,4.378276797374433,0.0,0.0,123.88624340503105
649,205.151460234586,75.92605671294669,4.378277684732631,0.0,0.0,124.84712583690667
650,203.02759164749853,75.92857073419474,4.378507892055575,0.0,0.0,122.7205130212482
651,204.05236614563026,75.92577895993924,4.378252251285086,0.0,0.0,123.74833493440593
652,204.3393557716273,75.92263994244973,4.377964818940681,0.0,0.0,124.03875101023688
653,203.3392780923965,75.92054125633547,4.377772650353285,0.0,0.0,123.04096418570776
654,204.33125096243606,75.91331958672487,4.377111408888297,0.0,0.0,124.04081996682288
655,204.18902806505162,75.90543195592606,4.376389223227752,0.0,0.0,123.90720688589782
656,204.08800561516296,75.90136395830561,4.376016774058739,0.0,0.0,123.81062488279859
657,204.45813619222827,75.89684145718734,4.375602723354111,0.0,0.0,124.18569201168681
658,204.10919427371448,75.89590441381927,4.375516935215723,0.0,0.0,123.83777292467948
659,204.5037059823997,75.89603554454843,4.375528940458637,0.0,0.0,124.23214149739265
660,203.6984226748575,75.8954243577963,4.375472985346992,0.0,0.0,123.42752533171422
661,204.83748979839865,75.89239052393285,4.375195236183323,0.0,0.0,124.56990403828249
662,204.27354191034053,75.89566923430925,4.375495404152922,0.0,0.0,124.00237727187834
663,204.42761184922307,75.89691020865696,4.375609017704018,0.0,0.0,124.1550926228621
664,204.72611661905273,75.89661904234856,4.375582360799337,0.0,0.0,124.45391521590483
665,203.9229046877664,75.89873038877596,4.375775660209111,0.0,0.0,123.64839863878132
666,203.52927291215576,75.89838227908254,4.37574378966322,0.0,0.0,123.25514684341
667,203.58948565876898,75.8919817027492,4.3751578087748015,0.0,0.0,123.32234614724499
668,205.24287114985947,75.88073212563656,4.374127951627246,0.0,0.0,124.98801107259567
669,203.93535975841925,75.87514213083912,4.373616234805806,0.0,0.0,123.68660139277432
670,205.70312397468007,75.86922553238549,4.37307463935401,0.0,0.0,125.46082380294058
671,204.18652567528505,75.87141561219292,4.3732751132699015,0.0,0.0,123.94183494982224
672,203.21339565702198,75.87408460236847,4.373519428984284,0.0,0.0,122.96579162566921
673,205.489510051619,75.87316315354877,4.373435080364594,0.0,0.0,125.2429118177056
674,205.2656746221813,75.87901108713888,4.3739704032098405,0.0,0.0,125.01269313183259
675,204.84215908242942,75.89025090673258,4.374999356165645,0.0,0.0,124.57690881953121
676,205.35350832193552,75.90164947798496,4.376042914764849,0.0,0.0,125.0758159291857
677,204.73041992194283,75.90879971093008,4.3766975681072005,0.0,0.0,124.44492264290554
678,204.10498134720078,75.91803656825913,4.377543308979059,0.0,0.0,123.8094014699626
679,203.92787180927775,75.92372325853782,4.378064014984079,0.0,0.0,123.62608453575585
680,204.8912526044717,75.92591926640105,4.3782650989426575,0.0,0.0,124.58706823912799
681,204.863560533096,75.92835864901036,4.378488471413028,0.0,0.0,124.55671341267261
682,203.07935166226213,75.93315069662852,4.378927285441124,0.0,0.0,122.76727368019247
683,204.23942966186263,75.92788560541356,4.378445154897158,0.0,0.0,123.9330989015519
684,204.58708961990305,75.92653112842929,4.37832112638355,0.0,0.0,124.2822373650902
685,204.4544443018231,75.92886483822048,4.378534823206188,0.0,0.0,124.14704464039642
686,204.2390554264769,75.93204346637128,4.378825893779134,0.0,0.0,123.9281860663265
687,204.78182070116878,75.93423399937186,4.379026486672676,0.0,0.0,124.46856021512424
688,204.0447173172467,75.94014562627584,4.379567843445783,0.0,0.0,123.72500384752509
689,204.26606824518802,75.94485822893043,4.379999413757802,0.0,0.0,123.94121060249978
690,204.46452989433837,75.9494647383143,4.380421280350661,0.0,0.0,124.1346438756734
691,203.57292262630222,75.9591091332133,4.381304557869097,0.0,0.0,123.23250893521981
692,203.90807344037069,75.9662902978364,4.381962275561084,0.0,0.0,123.55982086697323
693,204.13538969005793,75.97253099438589,4.382533880026056,0.0,0.0,123.78032481564597
694,203.96315899735524,75.97119419931707,4.382411437036952,0.0,0.0,123.60955336100122
695,204.2789293200256,75.97026492127387,4.382326320932003,0.0,0.0,123.92633807781972
696,204.55808715262384,75.96374258138525,4.381728928726268,0.0,0.0,124.21261564251233
697,204.78432688701017,75.95622992662652,4.381040861563005,0.0,0.0,124.44705609882064
698,204.28521746159976,75.95188159554337,4.380642622204949,0.0,0.0,123.95269324385146
699,204.72730447529955,75.94564852148133,4.38007178832352,0.0,0.0,124.4015841654947
700,204.60229843878142,75.94066054565013,4.379614998078711,0.0,0.0,124.28202289505259
701,204.08536760609775,75.93327431004579,4.378938605053424,0.0,0.0,123.77315469099854
702,204.10598380316918,75.92630920936159,4.378300805507634,0.0,0.0,123.80137378829997
703,204.51173766139442,75.91737609377125,4.377482833323796,0.0,0.0,124.21687873429936
704,203.93592368833498,75.9126564823765,4.37705069419427,0.0,0.0,123.64621651176422
705,204.72753783081325,75.90815076700704,4.376638151609125,0.0,0.0,124.44274891219708
706,204.52719300566582,75.90587915503284,4.3764301675114226,0.0,0.0,124.24488368312157
707,204.60591895828077,75.90430482501469,4.376286026813373,0.0,0.0,124.32532810645272
708,203.88499661679361,75.90251689457946,4.3761223312265365,0.0,0.0,123.6063573909876
709,204.35120664817325,75.8987381631714,4.375776371980436,0.0,0.0,124.07669211302141
710,204.3265139119051,75.89627192425449,4.375550581450167,0.0,0.0,124.05469140620043
711,205.03765951432803,75.89138155746214,4.375102865895086,0.0,0.0,124.77117509097081
712,203.84042309295756,75.88827496130621,4.37481846244087,0.0,0.0,123.5773296692105
713,204.30926895481014,75.88045039231446,4.3741021608993504,0.0,0.0,124.05471640159634
714,204.15780743766112,75.8735894964564,4.373474107362313,0.0,0.0,123.91074383384239
715,204.32919103096373,75.86571323852388,4.372753139221733,0.0,0.0,124.0907246532181
716,203.5423847651203,75.85627082288855,4.3718888559473115,0.0,0.0,123.31422508628442
717,204.0469114571638,75.84365271303542,4.370733973428843,0.0,0.0,123.83252477069954
718,204.57287949015756,75.8345469840516,4.369900620097587,0.0,0.0,124.36843188600838
719,204.46525266332594,75.82576788696531,4.369097204260382,0.0,0.0,124.27038757210023
720,203.88951368541456,75.81556542020084,4.368163583855433,0.0,0.0,123.7057846813583
721,205.14149806644298,75.80386832097872,4.367093262918563,0.0,0.0,124.97053648254571
722,204.60771920222993,75.79656394588885,4.366424929023933,0.0,0.0,124.44473032731713
723,204.5348931260363,75.79116724943214,4.365931162760883,0.0,0.0,124.37779471384327
724,205.80062002957794,75.7893947081666,4.365768989152312,0.0,0.0,125.64545633225904
725,204.48332172863422,75.79588502215287,4.366362810557064,0.0,0.0,124.32107389592429
726,203.66144862581174,75.8044188753573,4.367143638625401,0.0,0.0,123.48988611182904
727,203.66508262183896,75.80980761012205,4.367636716695531,0.0,0.0,123.4876382950214
728,204.07450150953542,75.81088243881834,4.367735067242844,0.0,0.0,123.89588400347422
729,204.09209700448338,75.81042985932663,4.367693654572903,0.0,0.0,123.91397349058383
730,204.87966311859734,75.81392852587106,4.368013798293964,0.0,0.0,124.69772079443231
731,203.53862286588043,75.81790068904459,4.368377277451177,0.0,0.0,123.35234489938466
732,204.34026390725958,75.816031368339,4.368206221156044,0.0,0.0,124.15602631776454
733,204.51863389881822,75.81381200265356,4.368003135784502,0.0,0.0,124.33681876038015
734,204.3467436221693,75.81587145609244,4.3681915881263205,0.0,0.0,124.16268057795052
735,204.31389970744706,75.81902411503127,4.36848007996023,0.0,0.0,124.12639551245556
736,204.23609436323662,75.82190330544498,4.3687435522774765,0.0,0.0,124.04544750551416
737,204.13290162729984,75.82695031633554,4.369205411317133,0.0,0.0,123.93674589964716
738,205.2870985715472,75.83403112002404,4.369853409789675,0.0,0.0,125.0832140417335
739,203.749641511382,75.84501417499439,4.370858577996816,0.0,0.0,123.5337687583908
740,204.2872645936385,75.85480146227954,4.371754366935743,0.0,0.0,124.06070876442321
741,203.98435382667458,75.86551447734169,4.372734945693781,0.0,0.0,123.7461044036391
742,203.7378413811204,75.87077482907719,4.37321645745632,0.0,0.0,123.49385009458688
743,203.6751791275413,75.87732486139964,4.373816043262714,0.0,0.0,123.42403822287895
744,204.0468208996603,75.88586856220513,4.374598164540743,0.0,0.0,123.78635417291441
745,204.1245265458382,75.89252706804878,4.375207736761047,0.0,0.0,123.85679174102839
746,204.70014180735592,75.89289078450466,4.375241034957692,0.0,0.0,124.43200998789357
747,204.41726099755442,75.8984427998339,4.3757493305249495,0.0,0.0,124.14306886719557
748,204.80581949760884,75.90586777137538,4.376429125254589,0.0,0.0,124.52352260097886
749,203.63755170055003,75.92238804393926,4.377941753435346,0.0,0.0,123.33722190317543
750,204.48301505804227,75.93020285057824,4.378657345817094,0.0,0.0,124.17415486164695
751,204.01099270701167,75.93845890156177,4.379413379755847,0.0,0.0,123.69312042569406
752,204.31645993094185,75.9448340572495,4.379997200133834,0.0,0.0,123.99162867355852
753,204.06088384792352,75.95046022860934,4.380512449453601,0.0,0.0,123.72991116986057
754,204.26752741740242,75.95837940063159,4.381237723812156,0.0,0.0,123.92791029295867
755,204.5386989365462,75.96324726934668,4.381683563232005,0.0,0.0,124.19376810396754
756,204.39829937270798,75.96714032937132,4.3820401312574315,0.0,0.0,124.04911891207925
757,204.25336216719666,75.97362900556226,4.38263445249153,0.0,0.0,123.89709870914287
758,203.69712063764604,75.98280309109725,4.3834747804667575,0.0,0.0,123.33084276608201
759,204.2966169389918,75.99128420581181,4.384251675812565,0.0,0.0,123.92108105736745
760,204.0060154202955,75.99488137644407,4.384581199566942,0.0,0.0,123.6265528442845
761,204.47693472444257,75.99553616426252,4.384641183087039,0.0,0.0,124.09675737709301
762,205.15249506827865,75.9961651397721,4.384698802231366,0.0,0.0,124.77163112627517
763,204.51712722962827,75.9970961494958,4.38478409051323,0.0,0.0,124.13524698961923
764,204.4394883957032,75.99489498560067,4.384582446266237,0.0,0.0,124.06001096383629
765,204.23016577665638,75.99525974047273,4.3846158605462975,0.0,0.0,123.85029017563735
766,204.629757691225,75.99765982413362,4.384835728064118,0.0,0.0,124.24726213902724
767,204.68987249997645,75.99995843473657,4.3850463028478295,0.0,0.0,124.30486776239204
768,204.31812809835964,76.00105402197399,4.3851466701954225,0.0,0.0,123.93192740619023
769,205.4449130641848,75.99545286883034,4.384633552581622,0.0,0.0,125.06482664277283
770,204.6408501093088,75.99908360528615,4.384966159726919,0.0,0.0,124.25680034429573
771,204.7455655881681,76.00275781537252,4.385302756984236,0.0,0.0,124.35750501581134
772,204.02396089791,76.00199133360945,4.385232538364179,0.0,0.0,123.63673702593638
773,205.00815128372548,75.99926639840848,4.384982905368228,0.0,0.0,124.62390197994877
774,204.15447399432702,76.00052368885883,4.385098086003629,0.0,0.0,123.76885221946456
775,204.7137638160692,75.99714605017208,4.384788661846537,0.0,0.0,124.33182910405057
776,204.12569660610012,75.99303190310013,4.384411775113021,0.0,0.0,123.74825292788698
777,203.87110781590934,75.98667665614116,4.3838296055316714,0.0,0.0,123.50060155423652
778,203.96997455577477,75.9764054378339,4.382888763164808,0.0,0.0,123.61068035477605
779,204.49433376659366,75.96233274141822,4.381599802231706,0.0,0.0,124.15040122294373
780,204.29783993609107,75.94917008236979,4.380394295244148,0.0,0.0,123.96827555847712
781,204.1227264767371,75.93369396189895,4.3789770337638005,0.0,0.0,123.81005548107437
782,204.3366628219695,75.91268085745415,4.377052926003604,0.0,0.0,124.04692903851175
783,203.92452422193412,75.89792138650807,4.375701593592061,0.0,0.0,123.65090124183398
784,205.1849066345672,75.88489126875331,4.374508697480185,0.0,0.0,124.92550666833372
785,204.2793028114598,75.88246551446593,4.374286632313207,0.0,0.0,124.02255066468065
786,204.3590089425519,75.87669375733023,4.373758271344096,0.0,0.0,124.10855691387756
787,204.82977020884945,75.87398354141212,4.373510177929303,0.0,0.0,124.58227648950803
788,204.8555463405301,75.87837347950185,4.373912035343425,0.0,0.0,124.60326082568483
789,203.1809367673544,75.8826418799544,4.374302777543089,0.0,0.0,122.92399210985691
790,202.72521784039768,75.88616594672115,4.374625388935614,0.0,0.0,122.46442650474091
791,203.9570635247225,75.88061033889656,4.374116802892,0.0,0.0,123.70233638293395
792,203.80923764565216,75.87496609045161,4.373600120080736,0.0,0.0,123.5606714351198
793,203.8104969023306,75.86704942173475,4.372875446813017,0.0,0.0,123.57057203378287
794,204.93050432003085,75.85551700234583,4.371819859403939,0.0,0.0,124.70316745828107
795,204.63616475908447,75.84786137370304,4.371119164464019,0.0,0.0,124.41718422091739
796,204.30264969977412,75.84173646099492,4.37055859478797,0.0,0.0,124.09035464399125
797,203.68873363272462,75.83401653928124,4.369852075406589,0.0,0.0,123.48486501803679
798,203.69423132940256,75.82211660496503,4.3687630713248735,0.0,0.0,123.50335165311266
799,204.61396437712517,75.80986437940048,4.367641911264779,0.0,0.0,124.43645808645992
800,203.64815378913406,75.80467243313925,4.367166839211275,0.0,0.0,123.47631451678353
801,204.18897875081026,75.79336752847006,4.366132473482107,0.0,0.0,124.0294787488581
802,205.25117816262042,75.78438154287437,4.365310333482065,0.0,0.0,125.10148628626396
803,204.3398162383519,75.78557986825206,4.365419967263235,0.0,0.0,124.18881640283661
804,203.97412890038186,75.79058040947254,4.365877471315984,0.0,0.0,123.81767101959332
805,204.0360983256807,75.79489593417495,4.366272313922901,0.0,0.0,123.87493007758287
806,204.1662355383155,75.79560448587665,4.366337142826022,0.0,0.0,124.00429390961284
807,204.60720425989064,75.79865722876853,4.36661645662444,0.0,0.0,124.44193057449768
808,204.17220926760623,75.80582079941823,4.367271915400816,0.0,0.0,123.99911655278719
809,204.72008698432387,75.81048348403519,4.367698561422787,0.0,0.0,124.5419049388659
810,204.18937905854455,75.81404388820572,4.36802435458386,0.0,0.0,124.00731081575496
811,204.56259581421338,75.81664708144152,4.368262563117668,0.0,0.0,124.3776861696542
812,205.5441540189933,75.82168422422049,4.368723504172784,0.0,0.0,125.35374629060006
813,205.06532857625626,75.83034543781667,4.3695161117204275,0.0,0.0,124.86546702671917
814,204.68144959069267,75.83823385481838,4.370238035671261,0.0,0.0,124.47297770020302
815,204.59956898759862,75.84762946435734,4.371097939066748,0.0,0.0,124.38084158417455
816,204.17338546898233,75.85540512505074,4.371809619399009,0.0,0.0,123.94617072453258
817,204.55517449670293,75.86865407729533,4.373022330362481,0.0,0.0,124.3134980890451
818,203.62243978586827,75.88580197613558,4.374592068852086,0.0,0.0,123.3620457408806
819,203.25494120829103,75.90000009326265,4.3758919062580715,0.0,0.0,122.9790492087703
820,205.2804907057607,75.9088103839378,4.376698545316489,0.0,0.0,124.99498177650642
821,204.1591005633041,75.92500861633502,4.378181712245007,0.0,0.0,123.85591023472406
822,204.75890287778356,75.93789790414526,4.379362006148955,0.0,0.0,124.44164296748936
823,204.11106814959282,75.94931275225244,4.380407361195312,0.0,0.0,123.78134803614506
824,204.12087792359455,75.95583213678658,4.381004429771065,0.0,0.0,123.7840413570369
825,204.1217406531605,75.95869482028269,4.381266612131819,0.0,0.0,123.78177922074599
826,204.02555397667575,75.95689002210383,4.381101316951345,0.0,0.0,123.68756263762057
827,204.2849078794149,75.95190896972562,4.380645129220131,0.0,0.0,123.95235378046914
828,204.5084195440302,75.94477428934033,4.3799917266360495,0.0,0.0,124.18365352805382
829,204.2797280507187,75.93574059521373,4.379164451201619,0.0,0.0,123.96482300430334
830,204.05315686131556,75.92748341273546,4.378408326286076,0.0,0.0,123.74726512229402
831,203.37961560435934,75.91855663736519,4.377590928735319,0.0,0.0,123.08346803825883
832,203.8214034856544,75.90885127852646,4.376702289582327,0.0,0.0,123.5358499175456
833,204.727356771481,75.89889735325076,4.375790946360248,0.0,0.0,124.45266847186998
834,204.82623478843317,75.89342890904902,4.375290300329979,0.0,0.0,124.55751557905418
835,204.14495903646605,75.88913762914208,4.374897437629941,0.0,0.0,123.88092396969401
836,204.05075638218273,75.88218365888443,4.374260830118111,0.0,0.0,123.79431189318016
837,204.30167889685794,75.87474594065688,4.373579967608103,0.0,0.0,124.05335298859295
838,204.30622120606597,75.86742683741744,4.372909993756975,0.0,0.0,124.06588437489157
839,204.1138245807379,75.86122338509716,4.372342167652185,0.0,0.0,123.88025902798856
840,203.58064920589945,75.85628820374495,4.371890446805867,0.0,0.0,123.35247055534863
841,204.6983729335871,75.84615007297752,4.37096253915769,0.0,0.0,124.48126032145191
842,203.8552587842909,75.83838675023982,4.37025202854207,0.0,0.0,123.646620005509
843,204.33866019820636,75.82614335520874,4.36913156420912,0.0,0.0,124.14338527878849
844,205.0980895081102,75.81580444213202,4.368185455909368,0.0,0.0,124.9140996100688
845,204.77639487301718,75.80912195228566,4.367573976969703,0.0,0.0,124.59969894376182
846,204.40474280896927,75.80109507494984,4.366839513600459,0.0,0.0,124.236808220419
847,204.67742291816052,75.79475647585441,4.366259554224066,0.0,0.0,124.51640688808205
848,203.5963577489677,75.7949414753879,4.366276480705429,0.0,0.0,123.4351397928744
849,204.3716651084007,75.79083668247,4.365900918344902,0.0,0.0,124.21492750758578
850,204.08362669313277,75.78649079925329,4.365503308116401,0.0,0.0,123.9316325857631
851,204.38273462504083,75.78446791863396,4.365318235900595,0.0,0.0,124.23294847050629
852,204.49606506244982,75.78517839276284,4.365383236518098,0.0,0.0,124.34550343316889
853,205.33965324624683,75.79177976380448,4.3659872034287,0.0,0.0,125.18188627901365
854,204.60987178902946,75.80273403958938,4.366989476748978,0.0,0.0,124.44014827269109
855,203.75572813189956,75.81972259641503,4.368543996980681,0.0,0.0,123.56746153850385
856,204.21010267895267,75.83299615919093,4.36975869377218,0.0,0.0,124.00734782598956
857,204.7092721981437,75.84490939406697,4.370848988134519,0.0,0.0,124.49351381594221
858,203.64568083264052,75.86034587585158,4.372261847570402,0.0,0.0,123.41307310921854
859,205.28900000400063,75.87117697288102,4.373253268748766,0.0,0.0,125.04456976237083
860,204.17468951715188,75.88853262808959,4.374842051178292,0.0,0.0,123.911314837884
861,205.02608633831795,75.90684060269041,4.376518195317293,0.0,0.0,124.74272754031026
862,204.7629448665151,75.9296934957207,4.37861070376209,0.0,0.0,124.45464066703231
863,204.53413840880364,75.94978020952225,4.380450171809552,0.0,0.0,124.20390802747185
864,204.39060221022118,75.96892619070346,4.382203702369363,0.0,0.0,124.03947231714834
865,204.7654325523303,75.9823344424638,4.383431852037086,0.0,0.0,124.39966625782944
866,203.4697329343183,75.99475745434782,4.38456984739213,0.0,0.0,123.09040563257837
867,203.4880945318012,75.99988108823135,4.385039217117584,0.0,0.0,123.10317422645227
868,204.5536878588785,75.99638136577138,4.3847186102989255,0.0,0.0,124.1725878828082
869,203.5825187723666,75.99320902007486,4.384428000160413,0.0,0.0,123.20488175213131
870,204.45471717696338,75.99058092567901,4.384187251721075,0.0,0.0,124.0799489995633
871,204.82068764698886,75.99030574159147,4.384162043513497,0.0,0.0,124.44621986188389
872,204.65553297701342,75.98903298190447,4.38404545305877,0.0,0.0,124.28245454205017
873,203.40234265592608,75.99426480180199,4.3845247168834875,0.0,0.0,123.02355313724061
874,204.6195945076712,75.98746394393338,4.383901723448055,0.0,0.0,124.24822884028974
875,204.05906575212987,75.9791167944729,4.38313711734245,0.0,0.0,123.69681184031454
876,205.49792261315895,75.96844244519542,4.382159394837924,0.0,0.0,125.1473207731256
877,203.6795063447928,75.95868606447738,4.381265810213676,0.0,0.0,123.33955447010175
878,205.39570770643655,75.94761378770207,4.380251767868413,0.0,0.0,125.06784215086608
879,204.16909016878282,75.9439933427473,4.379920208350332,0.0,0.0,123.84517661768518
880,205.0762345416049,75.94478851847032,4.379993029728321,0.0,0.0,124.75145299340626
881,204.52933730337165,75.9492087959394,4.380397840697742,0.0,0.0,124.19973066673451
882,203.82111656553326,75.95327289450982,4.380770042349077,0.0,0.0,123.48707362867435
883,203.90697909713168,75.9539169468924,4.3808290273426715,0.0,0.0,123.5722331228966
884,203.0324923292265,75.94735511985863,4.3802280788819585,0.0,0.0,122.70490913048593
885,203.55374578013073,75.9323675996664,4.378855575350947,0.0,0.0,123.24252260511338
886,204.55422652274686,75.91435268802562,4.377206001476439,0.0,0.0,124.2626678332448
887,204.66476580569827,75.90005135276084,4.375896599270036,0.0,0.0,124.3888178536674
888,203.52366554091316,75.88726055635235,4.3747255966157095,0.0,0.0,123.2616793879451
889,205.36466297646047,75.87043941662341,4.373185754663476,0.0,0.0,125.12103780517359
890,205.04605826657414,75.86259552494397,4.37246776307854,0.0,0.0,124.81099497855162
891,205.881928404296,75.85927502095674,4.37216383078328,0.0,0.0,125.65048955255598
892,204.11924581232205,75.86103835919141,4.372325231844806,0.0,0.0,123.88588222128581
893,204.903326965247,75.86515724952055,4.372702247039266,0.0,0.0,124.66546746868717
894,204.12898834098553,75.8718399875674,4.373313959743591,0.0,0.0,123.88383439367453
895,203.40671168526723,75.88125934043265,4.374176214598376,0.0,0.0,123.15127613023618
896,203.91182927487208,75.88661336294581,4.374666348243267,0.0,0.0,123.650549563683
897,203.92468037611465,75.88488873877961,4.374508465872548,0.0,0.0,123.66528317146249
898,204.52219566449241,75.87907508359525,4.373976261584903,0.0,0.0,124.26914431931228
899,203.4557285143989,75.87405150790592,4.373516399537822,0.0,0.0,123.20816060695518
900,204.92445047805103,75.86544570449098,4.37272865060267,0.0,0.0,124.68627612295738
901,204.78242012250098,75.86155536109177,4.372372554156296,0.0,0.0,124.54849220725292
902,204.98897443203873,75.86398210322595,4.372594681168977,0.0,0.0,124.7523976476438
903,204.85989695396108,75.87079773295524,4.373218554020686,0.0,0.0,124.61588066698518
904,203.83359825835254,75.87661013380858,4.373750616377352,0.0,0.0,123.58323750816659
905,203.51524771758483,75.88206984421991,4.374250411078018,0.0,0.0,123.25892746228688
906,204.92453814572895,75.8809696748397,4.374149697640827,0.0,0.0,124.66941877324842
907,203.8159761632632,75.88428178636703,4.374452902231311,0.0,0.0,123.55724147466486
908,205.96125497203394,75.89043478219088,4.375016189696114,0.0,0.0,125.69580400014695
909,203.60304558754115,75.90427218938495,4.376283038812669,0.0,0.0,123.32249035934353
910,203.4663182518122,75.91602982783436,4.377359564652788,0.0,0.0,123.17292885932503
911,203.68352308569814,75.92284929872753,4.377983989023032,0.0,0.0,123.38268979794759
912,204.19720317658886,75.93275728130018,4.378891259401147,0.0,0.0,123.88555463588753
913,203.23712672008168,75.93992308928054,4.379547464281457,0.0,0.0,122.91765616651966
914,204.08592544464284,75.94339999302073,4.37986587022217,0.0,0.0,123.76265958139992
915,204.0561690215463,75.94759180148537,4.380249754353469,0.0,0.0,123.72832746570747
916,204.39587030111068,75.94669449406823,4.380167578469595,0.0,0.0,124.06900822857286
917,205.1416862580628,75.94433859787199,4.379951826417194,0.0,0.0,124.81739583377363
918,203.64675832837892,75.9452178304668,4.380032345829035,0.0,0.0,123.32150815208308
919,203.63071248371355,75.93898974447316,4.379461992112626,0.0,0.0,123.31226074712777
920,204.48272734250452,75.93246817580639,4.378864785332962,0.0,0.0,124.17139438136518
921,203.92547076781847,75.92978981201976,4.378619523515839,0.0,0.0,123.61706143228288
922,203.6244185217415,75.92929137501731,4.378573881332423,0.0,0.0,123.31655326539175
923,204.71185935229647,75.92645149708815,4.378313834629279,0.0,0.0,124.40709402057904
924,203.9855285812649,75.92996197782924,4.378635288877588,0.0,0.0,123.67693131455808
925,204.38048567170875,75.93533257443568,4.3791270871103665,0.0,0.0,124.06602601016272
926,204.38459167223078,75.94175572291867,4.379715291328889,0.0,0.0,124.06312065798323
927,203.94665153545873,75.94962060031379,4.3804355544848095,0.0,0.0,123.61659538066014
928,204.19848643624866,75.95051618086308,4.3805175736956805,0.0,0.0,123.8674526816899
929,204.87148370400223,75.95240616990417,4.38069066447643,0.0,0.0,124.53838686962162
930,203.57761886951153,75.95228016209646,4.380679124246536,0.0,0.0,123.24465958316854
931,205.66129211517978,75.94897706103423,4.380376618039289,0.0,0.0,125.33193843610627
932,205.06832094778525,75.95823397763061,4.381224404983807,0.0,0.0,124.72886256517083
933,204.3020095053339,75.96908933643617,4.38221864534852,0.0,0.0,123.95070152354923
934,204.5557985795338,75.97254418090685,4.382535087843001,0.0,0.0,124.20071931078397
935,204.64801700355932,75.97666714728146,4.3829127349819865,0.0,0.0,124.28843712129587
936,204.68185086981586,75.98534299022967,4.3837074385410695,0.0,0.0,124.31280044104513
937,205.65018755251316,75.99527773050792,4.384617508570289,0.0,0.0,125.27029231343496
938,204.310725484314,76.00884072914681,4.385860034158988,0.0,0.0,123.9160247210082
939,204.82205066765874,76.02214420657342,4.387078885142736,0.0,0.0,124.4128275759426
940,204.93285976188398,76.0376307095507,4.388497868040264,0.0,0.0,124.50673118429302
941,204.50027517899747,76.04868569300427,4.389510886263106,0.0,0.0,124.0620785997301
942,204.49897189104183,76.05663394175947,4.390239262759546,0.0,0.0,124.05209868652283
943,204.16121327552423,76.06209279629479,4.3907395320560605,0.0,0.0,123.70838094717338
944,204.40834625472695,76.06128594175595,4.390665587914918,0.0,0.0,123.95639472505609
945,203.8786427369359,76.0600832775044,4.390555370492896,0.0,0.0,123.42800408893858
946,205.0122052948406,76.05489559098318,4.390079957483684,0.0,0.0,124.56722974637376
947,203.75002751140153,76.05133745546632,4.389753889487893,0.0,0.0,123.30893616644732
948,205.07747602484,76.04169332433781,4.388870135856141,0.0,0.0,124.64691256464606
949,204.04565298905922,76.03605398585883,4.38835339130247,0.0,0.0,123.62124561189792
950,203.48011033946523,76.02486331850304,4.387328019643423,0.0,0.0,123.06791900131878
951,204.45159910942567,76.01017400716404,4.385982183238723,0.0,0.0,124.0554429190229
952,204.28398603563602,75.99953091577149,4.3850071377841235,0.0,0.0,123.8994479820804
953,203.35075470021218,75.98584437497617,4.383753366466908,0.0,0.0,122.9811569587691
954,204.30076773685673,75.96669107851412,4.381998983629437,0.0,0.0,123.95207767471317
955,204.61105177529504,75.95193857185272,4.380647840278103,0.0,0.0,124.27846536316422
956,205.16903371204285,75.9371716268279,4.379295497219178,0.0,0.0,124.85256658799577
957,204.95947492939234,75.92355834972344,4.378048914730076,0.0,0.0,124.65786766493883
958,204.3422859346379,75.91382001739842,4.3771572291336405,0.0,0.0,124.05130868810585
959,204.25985835822559,75.9094868565598,4.376760482564494,0.0,0.0,123.9736110191013
960,204.03345163013782,75.9054360358518,4.376389596773689,0.0,0.0,123.75162599751232
961,204.17717426022563,75.89830859769896,4.375737043907745,0.0,0.0,123.90312861861891
962,204.01000100723905,75.89169047257256,4.375131146831244,0.0,0.0,123.74317938783526
963,204.34649014564076,75.88473183596334,4.374494102137134,0.0,0.0,124.08726420754027
964,204.23996857968544,75.88176804455193,4.374222783189883,0.0,0.0,123.98397775194363
965,204.83893913892408,75.88043998383992,4.374101208076691,0.0,0.0,124.58439794700746
966,204.44718874620227,75.87939261153427,4.374005328818445,0.0,0.0,124.19379080584956
967,203.6190307885921,75.87896479693988,4.373966165705599,0.0,0.0,123.36609982594662
968,204.45165518368157,75.87200804033145,4.373329342985811,0.0,0.0,124.20631780036429
969,204.52346958277576,75.86690657328255,4.372862371125394,0.0,0.0,124.28370063836782
970,204.5282521405453,75.8667540518731,4.372848410032626,0.0,0.0,124.28864967863957
971,204.20461449492063,75.8681126055933,4.372972766114731,0.0,0.0,123.96352912321262
972,204.41888572313098,75.86113614240787,4.372334182144319,0.0,0.0,124.18541539857881
973,205.04738142819855,75.85584476298109,4.371849859012528,0.0,0.0,124.81968680620491
974,205.19412324476136,75.85764333173998,4.3720144813196065,0.0,0.0,124.96446543170177
975,204.17606241257852,75.86479274871488,4.372668882730171,0.0,0.0,123.93860078113347
976,204.6554065975966,75.87430772637475,4.373539853632763,0.0,0.0,124.40755901758907
977,204.92765188200661,75.8853528115633,4.374550949695152,0.0,0.0,124.66774812074819
978,204.64866570596357,75.89535622545914,4.375466747737041,0.0,0.0,124.37784273276739
979,203.62850249434587,75.9066532028664,4.376501037404986,0.0,0.0,123.34534825407448
980,203.70508710610693,75.90872257780917,4.376690505882213,0.0,0.0,123.41967402241553
981,203.5259637548285,75.90277006066754,4.376145509967123,0.0,0.0,123.24704818419384
982,204.09737119643967,75.89361644479403,4.375307469290241,0.0,0.0,123.8284472823554
983,204.33643148826644,75.88363032538209,4.374393264270317,0.0,0.0,124.07840789861406
984,203.4720701842678,75.8728348743351,4.373405030087824,0.0,0.0,123.22583027984487
985,204.45726459081536,75.86228396319726,4.372439244951732,0.0,0.0,124.22254138266636
986,204.95251143716962,75.85697875361066,4.371953652526584,0.0,0.0,124.72357903103236
987,203.98189669733682,75.85739885783411,4.371992104609942,0.0,0.0,123.75250573489276
988,204.0323293638989,75.86152008487869,4.372369325242791,0.0,0.0,123.79843995377743
989,204.69231686139835,75.8630747302742,4.372511626202879,0.0,0.0,124.45673050492127
990,203.7414401235103,75.86812471303723,4.372973874382015,0.0,0.0,123.50034153609107
991,204.94905225536195,75.8672604120732,4.372894759915251,0.0,0.0,124.70889708337349
992,204.40363063611184,75.87192846980673,4.373322059243734,0.0,0.0,124.15838010706138
993,204.0107495918827,75.88088367219191,4.374141824679799,0.0,0.0,123.75572409501098
994,203.74245521927668,75.88569544708139,4.3745823165479525,0.0,0.0,123.48217745564735
995,205.0118537755534,75.88613830467516,4.374622858411801,0.0,0.0,124.75109261246644
996,204.20952565971714,75.8877449715467,4.374769943346497,0.0,0.0,123.94701074482396
997,204.17584223020236,75.88613697120743,4.374622736337932,0.0,0.0,123.91508252265699
998,204.48866250694942,75.8837707999499,4.374406123986893,0.0,0.0,124.23048558301264
999,203.04304610404523,75.87483883972764,4.37358847156901,0.0,0.0,122.79461879274858
1000,204.3338873048586,75.86564433150699,4.3727468318420675,0.0,0.0,124.09549614150954
