epoch,demand_node_id,demand_flow
1,12,3.6304255984282463
1,13,2.913375226705663
1,14,3.692976629216655
2,12,3.703213590756743
2,13,2.9861632190709386
2,14,3.7643088617325686
3,12,3.7759679703338556
3,13,3.0589187638330966
3,14,3.8356092228646235
4,12,3.8486861435353803
4,13,3.1316400447822503
4,14,3.906875884254016
5,12,3.9213655349874514
5,13,3.204325262252258
5,14,3.9781070339034885
6,12,3.99400358654039
6,13,3.276972630379268
6,14,4.049300873597841
7,12,4.066597762886601
7,13,3.349580381038146
7,14,4.120455622866487
8,12,4.139145550221437
8,13,3.422146760868645
8,14,4.191569516170869
9,12,4.211644481774812
9,13,3.4946700552392453
9,14,4.262640826486475
10,12,4.284092115667843
10,13,3.5671485645964944
10,14,4.333667842218712
11,12,4.356486059888518
11,13,3.6395806280272653
11,14,4.404648890381453
12,12,4.42882396985532
12,13,3.7119646194921527
12,14,4.475582332987975
13,12,4.50110354564848
13,13,3.7842989438208168
13,14,4.546466563202605
14,12,4.573322555929974
14,13,3.856582059519188
14,14,4.617300027760189
15,12,4.6454788141498256
15,13,3.928812453936825
15,14,4.688081202693819
16,12,4.717570201698245
16,13,4.000988665528071
16,14,4.758808615205157
17,12,4.789594656872466
17,13,4.073109272011536
17,14,4.82948083210983
18,12,4.861550197215037
18,13,4.145172912055059
18,14,4.9000964811281325
19,12,4.933262393765689
19,13,4.217178259377444
19,14,4.970654225540837
20,12,5.004755657866079
20,13,4.289124049049038
20,14,5.041152790109667
21,12,5.075866946990461
21,13,4.361009069903213
21,14,5.111590953628112
22,12,5.146638979617248
22,13,4.432832162696965
22,14,5.181967547240214
23,12,5.217108120659265
23,13,4.504592238155805
23,14,5.252281472075793
24,12,5.287109391173507
24,13,4.576288248099231
24,14,5.322531670916978
25,12,5.356491276931618
25,13,4.64791921020801
25,14,5.392717152577296
26,12,5.425112933351922
26,13,4.7194841979747
26,14,5.462836982139372
27,12,5.493060058620459
27,13,4.79098236344264
27,14,5.532890303298434
28,12,5.560407904400945
28,13,4.862412904934173
28,14,5.602876306618285
29,12,5.626540618189184
29,13,4.933775082619307
29,14,5.6727942446777115
30,12,5.6911079033900975
30,13,5.005068223945871
30,14,5.742643437841473
31,12,5.754274136383991
31,13,5.076291751549783
31,14,5.812423301793578
32,12,5.815413842828997
32,13,5.147445145627806
32,14,5.882133310418766
33,12,5.874460485589305
33,13,5.218527981559825
33,14,5.951773033082686
34,12,5.931619845948378
34,13,5.289539919316764
34,14,6.021342124165703
35,12,5.987077894389264
35,13,5.360480683625447
35,14,6.0908403033189895
36,12,6.0407186911241055
36,13,5.431350066134365
36,14,6.160267357318216
37,12,6.092718633621582
37,13,5.502147919208578
37,14,6.22962313399697
38,12,6.143237477988626
38,13,5.572874145725079
38,14,6.298907532004466
39,12,6.192419912211784
39,13,5.643528690338235
39,14,6.36812049203754
40,12,6.24039696943929
40,13,5.714111532007074
40,14,6.43726198933816
41,12,6.287287295855132
41,13,5.784622670936586
41,14,6.506332020744553
42,12,6.333198307284132
42,13,5.855062136481731
42,14,6.57533061229886
43,12,6.378227216983831
43,13,5.925429969163528
43,14,6.644257801514811
44,12,6.422461982204866
44,13,5.995726230067519
44,14,6.7131136464844925
45,12,6.4656638169432
45,13,6.065950990839675
45,14,6.781898215993764
46,12,6.507932521959132
46,13,6.1361043495336185
46,14,6.850611605264577
47,12,6.5493585076278675
47,13,6.2061864059673
47,14,6.9192539117000225
48,12,6.590023648839644
48,13,6.276197271092912
48,14,6.987825243962531
49,12,6.63000205879023
49,13,6.346137070320128
49,14,7.05632572514391
50,12,6.669360785748742
50,13,6.416005934095222
50,14,7.124755483466377
51,12,6.708160451049837
51,13,6.485803995606167
51,14,7.193114649974783
52,12,6.746455826464489
52,13,6.555531382269051
52,14,7.261403350148457
53,12,6.784296370803968
53,13,6.625188227458928
53,14,7.329621715348678
54,12,6.821726708339689
54,13,6.6947746626433995
54,14,7.397769875080241
55,12,6.858787068109839
55,13,6.764290816411634
55,14,7.465847956012858
56,12,6.895513680704417
56,13,6.833736807113288
56,14,7.53385607475035
57,12,6.931939150037632
57,13,6.903112755530279
57,14,7.601794350222925
58,12,6.9680927855427575
58,13,6.972418784460209
58,14,7.669662903265477
59,12,7.004000891145536
59,13,7.041654992034283
59,14,7.737461830479061
60,12,7.03968705833176
60,13,7.110821484593116
60,14,7.805191236418229
61,12,7.075172413802862
61,13,7.179918370003949
61,14,7.872851227041858
62,12,7.110475838078159
62,13,7.248945737898271
62,14,7.9404418903592875
63,12,7.145614180640876
63,13,7.317903672953906
63,14,8.007963309436104
64,12,7.1806024562523545
64,13,7.3867922681884215
64,14,8.07541557541125
65,12,7.215454004131471
65,13,7.455611598794444
65,14,8.142798761879376
66,12,7.250180655072677
66,13,7.524361742092635
66,14,8.210112944430985
67,12,7.284792867673514
67,13,7.5930427646063094
67,14,8.277358188000454
68,12,7.319299868242762
68,13,7.661654742015298
68,14,8.344534566407136
69,12,7.353709755737736
69,13,7.73019773313677
69,14,8.411642136884762
70,12,7.388029619123619
70,13,7.7986717998890605
70,14,8.478680959632763
71,12,7.422265631705706
71,13,7.867077000987626
71,14,8.545651091649177
72,12,7.456423136572848
72,13,7.935413385660005
72,14,8.612552580582827
73,12,7.490506737009492
73,13,8.003681013557348
73,14,8.679385484232226
74,12,7.5245203533139975
74,13,8.071879922272506
74,14,8.746149838751188
75,12,7.558467308838111
75,13,8.140010166858696
75,14,8.8128456973422
76,12,7.592350373949891
76,13,8.208071787355372
76,14,8.879473098470203
77,12,7.626171830513062
77,13,8.276064828637798
77,14,8.946032085299445
78,12,7.659933518232358
78,13,8.343989334095568
78,14,9.012522699509736
79,12,7.693636879631352
79,13,8.411845345841382
79,14,9.07894498150537
80,12,7.727282997584121
80,13,8.47963289839121
80,14,9.145298964233328
81,12,7.760872638731985
81,13,8.547352031894215
81,14,9.2115846861378
82,12,7.794406280468668
82,13,8.615002779272867
82,14,9.27780217857621
83,12,7.827884150916983
83,13,8.682585185920372
83,14,9.34395148510317
84,12,7.861306243435168
84,13,8.750099283814341
84,14,9.410032636136025
85,12,7.894249952229922
85,13,8.817545111184668
85,14,9.476045668209188
86,12,7.926754118744515
86,13,8.884922724179216
86,14,9.541990635861392
87,12,7.958853756653506
87,13,8.95223218691174
87,14,9.607867601807305
88,12,7.990580416056876
88,13,9.019473581503584
88,14,9.673676646690621
89,12,8.021529304606462
89,13,9.086646999086733
89,14,9.739417860214436
90,12,8.05176583227285
90,13,9.15375255632549
90,14,9.805091357741212
91,12,8.08134911557719
91,13,9.2207903834866
91,14,9.870697268478022
92,12,8.110332569920674
92,13,9.287760632770077
92,14,9.936235743510936
93,12,8.138320250589793
93,13,9.354663467920403
93,14,10.001706945537325
94,12,8.165396318179521
94,13,9.421499073706316
94,14,10.06711105856111
95,12,8.19118647381026
95,13,9.488267668784792
95,14,10.132448300313072
96,12,8.21580051198031
96,13,9.554969487436521
96,14,10.19771890474805
97,12,8.239337829359693
97,13,9.621604809853107
97,14,10.262923151464113
98,12,8.261429417604116
98,13,9.688173922707842
98,14,10.328061326933877
99,12,8.281735883807544
99,13,9.754677158970125
99,14,10.393133763834664
100,12,8.29994480610085
100,13,9.821114876929157
100,14,10.458140820823525
101,12,8.316237374807965
101,13,9.887487507753788
101,14,10.523082929313425
102,12,8.330777746476429
102,13,9.953795509639843
102,14,10.587960548252383
103,12,8.343714632897914
103,13,10.020039375632466
103,14,10.652774171477077
104,12,8.355182737186833
104,13,10.08621961755362
104,14,10.717524311734165
105,12,8.365304057903188
105,13,10.152336751558071
105,14,10.782211486337019
106,12,8.374189075768284
106,13,10.218391304352865
106,14,10.846836223075357
107,12,8.381937827366796
107,13,10.284383801332549
107,14,10.911399048462231
108,12,8.3886408799405
108,13,10.350314755759223
108,14,10.97590047703057
109,12,8.394380218505447
109,13,10.416184684473903
109,14,11.040341026608923
110,12,8.399230046219316
110,13,10.481994079471594
110,14,11.104721190437342
111,12,8.403257514312148
111,13,10.54774341859431
111,14,11.169041447570146
112,12,8.406523383488171
112,13,10.613433176732798
112,14,11.233302273789445
113,12,8.409082621717378
113,13,10.679063799078314
113,14,11.297504115405848
114,12,8.410984948946446
114,13,10.744635719569905
114,14,11.361647407282481
115,12,8.412275329580375
115,13,10.810149347666503
115,14,11.425732559881304
116,12,8.412994419982232
116,13,10.87560508734746
116,14,11.48975997784286
117,12,8.413178973340713
117,13,10.94100331159992
117,14,11.553730035029124
118,12,8.412862207576595
118,13,11.006344375427222
118,14,11.617643087252581
119,12,8.412074138407736
119,13,11.071628628969227
119,14,11.681499485117515
120,12,8.410841881565348
120,13,11.136856392456924
120,14,11.745299549533016
121,12,8.409189926669939
121,13,11.202027969543757
121,14,11.809043584766654
122,12,8.40714038525121
122,13,11.267143654304231
122,14,11.872731885305065
123,12,8.404713215581168
123,13,11.332203731898879
123,14,11.936364736520645
124,12,8.401926427266096
124,13,11.397208460181242
124,14,11.999942396699621
125,12,8.398796265716326
125,13,11.462158083169301
125,14,12.06346511023673
126,12,8.395337379268405
126,13,11.527052838139554
126,14,12.126933114592038
127,12,8.391562970804646
127,13,11.591892956351613
127,14,12.190346641017982
128,12,8.38748493673283
128,13,11.656678638356695
128,14,12.25370589042979
129,12,8.38311398935199
129,13,11.721410092843229
129,14,12.317011071414898
130,12,8.378459772113262
130,13,11.786087499221217
130,14,12.380262363659131
131,12,8.373530958819389
131,13,11.850711052740106
131,14,12.443459962087884
132,12,8.368335349900157
132,13,11.915280914366763
132,14,12.506604027866201
133,12,8.362879953525258
133,13,11.979797249487914
133,14,12.56969472626408
134,12,8.357171062517299
134,13,12.044260215816196
134,14,12.632732214844875
135,12,8.351214323772139
135,13,12.108669957628123
135,14,12.69571663784581
136,12,8.34501479947891
136,13,12.173026618979291
136,14,12.758648139115303
137,12,8.338577023480378
137,13,12.237330344207926
137,14,12.821526862618544
138,12,8.331905054931969
138,13,12.301581253107788
138,14,12.884352928173474
139,12,8.325002520799867
139,13,12.3657794793554
139,14,12.947126469038638
140,12,8.317872661015198
140,13,12.429925139307384
140,14,13.009847601413748
141,12,8.310518365161096
141,13,12.494018345060907
141,14,13.072516437221482
142,12,8.30294220534082
142,13,12.558059217462382
142,14,13.135133096837052
143,12,8.295146470183484
143,13,12.622047861189627
143,14,13.197697684733601
144,12,8.287133191600214
144,13,12.685984377722535
144,14,13.260210302173693
145,12,8.278904168650687
145,13,12.749868878265277
145,14,13.32267105985185
146,12,8.270460993777094
146,13,12.813701458791414
146,14,13.385080053503119
147,12,8.261805071294148
147,13,12.87748221923664
147,14,13.447437382675494
148,12,8.253499484562763
148,13,12.941211257434386
148,14,13.509743144807242
149,12,8.245492378413314
149,13,13.004888637416627
149,14,13.571997403523264
150,12,8.23773678713823
150,13,13.068514407312954
150,14,13.634200206280415
151,12,8.230757866612663
151,13,13.132088591291392
151,14,13.69635157661369
152,12,8.22446362007419
152,13,13.195611186363722
152,14,13.758451510390339
153,12,8.218770762402265
153,13,13.259082139367838
153,14,13.820499953541246
154,12,8.213603888564109
154,13,13.322501391884732
154,14,13.882496846171332
155,12,8.20946983979578
155,13,13.385868861162747
155,14,13.944442104080276
156,12,8.206252526748122
156,13,13.449184418915774
156,14,14.006335597435687
157,12,8.203846873736454
157,13,13.51244790715096
157,14,14.068177166511843
158,12,8.202157769932025
158,13,13.575659152502116
158,14,14.129966635926383
159,12,8.201099120807633
159,13,13.638817966722685
159,14,14.191703815312056
160,12,8.200592989452998
160,13,13.701924152350173
160,14,14.253388505013145
161,12,8.200568819601372
161,13,13.764977507411764
161,14,14.315020500818138
162,12,8.200962732570465
162,13,13.827977823040525
162,14,14.37659959173987
163,12,8.201716891181078
163,13,13.890924899177836
163,14,14.438125575454322
164,12,8.202778924181311
164,13,13.953818534607427
164,14,14.499598248632882
165,12,8.204101405703476
165,13,14.016658541517627
165,14,14.561017421234698
166,12,8.205641384124178
166,13,14.079444740834669
166,14,14.622382911991615
167,12,8.207359955681635
167,13,14.142176957193268
167,14,14.683694543528546
168,12,8.209221879385362
168,13,14.20485503858993
168,14,14.74495216159874
169,12,8.211195227303284
169,13,14.267478825773926
169,14,14.806155605187385
170,12,8.213251070100501
170,13,14.330048190136838
170,14,14.867304743555405
171,12,8.215363190598726
171,13,14.39256300270892
171,14,14.928399445946354
172,12,8.217507825907317
172,13,14.45502314672005
172,14,14.989439593865828
173,12,8.219663434246755
173,13,14.517428530005008
173,14,15.050425093204035
174,12,8.221202955891304
174,13,14.579779059900131
174,14,15.111355849699628
175,12,8.222166398219962
175,13,14.642074689810482
175,14,15.172231815253816
176,12,8.222589899443706
176,13,14.704315407077942
176,14,15.233052975907864
177,12,8.222506099550987
177,13,14.76650122163676
177,14,15.293819340612297
178,12,8.221944475901296
178,13,14.828632174014764
178,14,15.35453094891956
179,12,8.220931646696794
179,13,14.89070831904114
179,14,15.415187854954212
180,12,8.21949164534184
180,13,14.952729734951303
180,14,15.47579013621496
181,12,8.217646168700144
181,13,15.014696514291895
181,14,15.53633788460534
182,12,8.216035292260484
182,13,15.07660875523917
182,14,15.596831197880176
183,12,8.21461757125174
183,13,15.13846654307541
183,14,15.657270160644693
184,12,8.213355490087782
184,13,15.200269947884925
184,14,15.717654842215218
185,12,8.212215086976933
185,13,15.262019027882342
185,14,15.777985299966904
186,12,8.211165614538563
186,13,15.323713826043418
186,14,15.838261576123571
187,12,8.210179232565494
187,13,15.3853543848871
187,14,15.898483712269256
188,12,8.20923073059889
188,13,15.446940736096423
188,14,15.958651739266019
189,12,8.208297276653843
189,13,15.508472914582354
189,14,16.018765691043075
190,12,8.207358190266568
190,13,15.569950953687929
190,14,16.078825599952005
191,12,8.206394737262581
191,13,15.631374880163145
191,14,16.138831491891484
192,12,8.205389943896604
192,13,15.692744727474787
192,14,16.198783399337945
193,12,8.204328429042283
193,13,15.75406053038597
193,14,16.258681356072632
194,12,8.203196252361911
194,13,15.815322325567175
194,14,16.318525397796716
195,12,8.20198077713516
195,13,15.876530145908445
195,14,16.378315556589595
196,12,8.200670546019726
196,13,15.937684027064947
196,14,16.438051867314414
197,12,8.199255168657597
197,13,15.998784013893609
197,14,16.497734373913776
198,12,8.197725220125538
198,13,16.059830160636125
198,14,16.557363129594123
199,12,8.196072149763788
199,13,16.120822506410665
199,14,16.616938172890585
200,12,8.194288197439263
200,13,16.181761106086277
200,14,16.676459557827286
201,12,8.19236631859194
201,13,16.242646024135997
201,14,16.735927347913695
202,12,8.19030011715389
202,13,16.30347731002429
202,14,16.79534159210495
203,12,8.188083783258103
203,13,16.364255028923488
203,14,16.854702354802658
204,12,8.185712038122414
204,13,16.42497924934114
204,14,16.91400970376838
205,12,8.183180083888859
205,13,16.48565004303422
205,14,16.97326371003755
206,12,8.18048355854255
206,13,16.546267478772634
206,14,17.032464441826036
207,12,8.177618494394178
207,13,16.60683163450481
207,14,17.091611976408558
208,12,8.174581281549179
208,13,16.667342584965894
208,14,17.15070638801319
209,12,8.171368633805065
209,13,16.727800413818002
209,14,17.20974775967414
210,12,8.1679775586119
210,13,16.78820520738516
210,14,17.268736177109478
211,12,8.16440533002716
211,13,16.848557048401144
211,14,17.327671722611974
212,12,8.16064946286865
212,13,16.908856034245904
212,14,17.386554492854003
213,12,8.156707692156274
213,13,16.969102246214426
213,14,17.445384568874083
214,12,8.152577950570452
214,13,17.02929578610099
214,14,17.50416205179827
215,12,8.148258352095521
215,13,17.089436745490246
215,14,17.56288703284927
216,12,8.143747174698248
216,13,17.149525217873602
216,14,17.621559605174753
217,12,8.13904284487678
217,13,17.209561304636846
217,14,17.680179869690402
218,12,8.134819205347501
218,13,17.26954510883466
218,14,17.73874792899765
219,12,8.131009997765965
219,13,17.329476703288226
219,14,17.797263855262273
220,12,8.127555313588603
220,13,17.38935613072105
220,14,17.855727690534252
221,12,8.124400983439717
221,13,17.449183421258677
221,14,17.91413946399359
222,12,8.12149802657454
222,13,17.508958584731662
222,14,17.972499184570786
223,12,8.118802151967488
223,13,17.568681626655987
223,14,18.03080685666385
224,12,8.116273308274842
224,13,17.6283525453247
224,14,18.08906247739523
225,12,8.113875276983327
225,13,17.687971328389303
225,14,18.147266033355415
226,12,8.111575303940988
226,13,17.74753796723982
226,14,18.205417514709467
227,12,8.10934376704263
227,13,17.807052452738624
227,14,18.26351691108758
228,12,8.107153875839751
228,13,17.866514770633856
228,14,18.3215642071535
229,12,8.10498139938121
229,13,17.925924914911782
229,14,18.379559395676473
230,12,8.103496936679976
230,13,17.985282882673022
230,14,18.437502472558897
231,12,8.102613914246357
231,13,18.044588636081624
231,14,18.495393398704316
232,12,8.102254072391007
232,13,18.10384212159344
232,14,18.553232119003976
233,12,8.10234666550344
233,13,18.16304326380789
233,14,18.611018556518275
234,12,8.1028277390518
234,13,18.222191982609825
234,14,18.668752629363368
235,12,8.10363947623155
235,13,18.281288185238267
235,14,18.726434243098304
236,12,8.104729607721756
236,13,18.340331787917748
236,14,18.78406331194598
237,12,8.106050877734008
237,13,18.399322694497783
237,14,18.841639738032317
238,12,8.107560561886897
238,13,18.45826081088755
238,14,18.899163425547947
239,12,8.108515113459125
239,13,18.517146059007757
239,14,18.956634294423623
240,12,8.1089476566263
240,13,18.575978381467994
240,14,19.014052285985144
241,12,8.108888113203182
241,13,18.63475777230789
241,14,19.071417392787954
242,12,8.108363511472541
242,13,18.693484241995815
242,14,19.12872962430997
243,12,8.107398265766369
243,13,18.75215782532729
243,14,19.18598901453221
244,12,8.106014428664162
244,13,18.810778589837412
244,14,19.243195630036343
245,12,8.10494490983571
245,13,18.86934660249615
245,14,19.300349537405584
246,12,8.104138789943377
246,13,18.92786192927134
246,14,19.357450801649378
247,12,8.103550042202137
247,13,18.986324609377267
247,14,19.41449946120911
248,12,8.103137061228082
248,13,19.04473467704018
248,14,19.47149554931296
249,12,8.102862237680775
249,13,19.103092152576544
249,14,19.52843908536707
250,12,8.102691573683213
250,13,19.161397057030335
250,14,19.58533008932008
251,12,8.102594335420788
251,13,19.219649408326656
251,14,19.64216857797785
252,12,8.102542739161375
252,13,19.27784921706407
252,14,19.69895456095457
253,12,8.10251166750938
253,13,19.335996499998085
253,14,19.755688053875552
254,12,8.102478413030434
254,13,19.394091269230096
254,14,19.812369067866708
255,12,8.102422446559945
255,13,19.452133545164383
255,14,19.8689976222271
256,12,8.102325207841005
256,13,19.510123351260276
256,14,19.925573739332755
257,12,8.102169916331519
257,13,19.568060714614987
257,14,19.98209744522422
258,12,8.101941400289508
258,13,19.625945654431398
258,14,20.03856875837027
259,12,8.101625942198936
259,13,19.683778212267036
259,14,20.094987719189067
260,12,8.101211139273666
260,13,19.7415584223152
260,14,20.151354361061983
261,12,8.100685777232933
261,13,19.799286329483174
261,14,20.207668727974653
262,12,8.100039716400326
262,13,19.856961977489444
262,14,20.263930862907674
263,12,8.099263788593046
263,13,19.914585420812795
263,14,20.32014081949345
264,12,8.09834970408522
264,13,19.972156718662546
264,14,20.376298656132786
265,12,8.097289967608642
265,13,20.029675928925514
265,14,20.432404430088148
266,12,8.09607780228951
266,13,20.08714311402023
266,14,20.488458203191108
267,12,8.094707080691556
267,13,20.144558352670963
267,14,20.54446005332229
268,12,8.093172263258166
268,13,20.201921715902277
268,14,20.60041005099162
269,12,8.091468342019699
269,13,20.25923327879422
269,14,20.656308270799435
270,12,8.08959078953439
270,13,20.316493132199042
270,14,20.712154802858528
271,12,8.087535514018002
271,13,20.37370135279762
271,14,20.7679497235835
272,12,8.085298816800282
272,13,20.430858038605674
272,14,20.823693130314812
273,12,8.082877355965003
273,13,20.487963279044763
273,14,20.879385112123014
274,12,8.080268111906182
274,13,20.545017172589564
274,14,20.935025767014086
275,12,8.077468357302598
275,13,20.60201981470057
275,14,20.990615190155022
276,12,8.07447562898905
276,13,20.65897130951769
276,14,21.046153485272146
277,12,8.071287703610404
277,13,20.715871757814043
277,14,21.101640752898007
278,12,8.067902574473099
278,13,20.772721268688997
278,14,21.15707710176897
279,12,8.064318431479462
279,13,20.82951995346898
279,14,21.212462642872083
280,12,8.060533643126888
280,13,20.886267919629557
280,14,21.267797483513505
281,12,8.056546739139522
281,13,20.942965282491407
281,14,21.323081738718827
282,12,8.052356396236636
282,13,20.999612153236452
282,14,21.378315519543
283,12,8.047961423727955
283,13,21.056208650606667
283,14,21.43349894447335
284,12,8.043360751640956
284,13,21.112754894854753
284,14,21.488632133526743
285,12,8.038553420137417
285,13,21.169251001716052
285,14,21.543715202368386
286,12,8.033538568535839
286,13,21.22569709411148
286,14,21.598748273718712
287,12,8.028315427262957
287,13,21.28209329022708
287,14,21.653731465727514
288,12,8.022883308624747
288,13,21.338439715218836
288,14,21.7086649033826
289,12,8.01724160050465
289,13,21.394736489316216
289,14,21.763548706908278
290,12,8.01138975793232
290,13,21.450983745420007
290,14,21.818383008918747
291,12,8.00532729940394
291,13,21.507181605438685
291,14,21.87316793134574
292,12,7.999053800288178
292,13,21.563330192005505
292,14,21.927903596859192
293,12,7.992568887213748
293,13,21.61942963428933
293,14,21.982590134529403
294,12,7.985872234924328
294,13,21.67548005615324
294,14,22.037227668281393
295,12,7.978963560888335
295,13,21.731481587858664
295,14,22.09181632830218
296,12,7.9718426223114465
296,13,21.787434360119462
296,14,22.146356245242597
297,12,7.964509212841286
297,13,21.84333850404669
297,14,22.20084755016158
298,12,7.956963161174282
298,13,21.899194139357025
298,14,22.255290363031218
299,12,7.9499847109563255
299,13,21.9550014036846
299,14,22.309684821306003
300,12,7.943497710817831
300,13,22.010760385626643
300,14,22.364031013401615
301,12,7.937433370234793
301,13,22.066471149808084
301,14,22.418329003371802
302,12,7.931729550380988
302,13,22.122133731504107
302,14,22.472578825877537
303,12,7.926330120948414
303,13,22.177748153756816
303,14,22.526780503048727
304,12,7.921184381448682
304,13,22.233314420215624
304,14,22.58093403765799
305,12,7.916246536174184
305,13,22.288832530688595
305,14,22.63503942840511
306,12,7.911475221986546
306,13,22.34430247264781
306,14,22.689096661745815
307,12,7.9068330796844855
307,13,22.399724235607046
307,14,22.743105725993452
308,12,7.902286368241661
308,13,22.45509780747813
308,14,22.79706660784225
309,12,7.897804616285812
309,13,22.510423170541788
309,14,22.85097928850244
310,12,7.8933603058600275
310,13,22.565700314603987
310,14,22.904843756570756
311,12,7.888928588075264
311,13,22.620929232326706
311,14,22.95866000352041
312,12,7.884487026253121
312,13,22.676109914322957
312,14,23.01242801895348
313,12,7.880015362995356
313,13,22.731242355713373
313,14,23.06614779701486
314,12,7.8754953096989695
314,13,22.78632656248991
314,14,23.119819342611564
315,12,7.870910357286467
315,13,22.841362546065728
315,14,23.173442666115612
316,12,7.8662456047932725
316,13,22.896350323533625
316,14,23.227017783625215
317,12,7.861487605518401
317,13,22.951289906181238
317,14,23.280544705781107
318,12,7.856624224642485
318,13,23.006181328659594
318,14,23.33402346618835
319,12,7.851644515338885
319,13,23.06102461987674
319,14,23.387454093058455
320,12,7.846538603612046
320,13,23.115819814576508
320,14,23.440836620489076
321,12,7.842103530581771
321,13,23.170566964843008
321,14,23.494171099668414
322,12,7.838252598752004
322,13,23.22526607194015
322,14,23.547457531128362
323,12,7.834907498676314
323,13,23.279917128761447
323,14,23.60069590635727
324,12,7.831997500971827
324,13,23.33452009142897
324,14,23.653886180351268
325,12,7.829458722048095
325,13,23.38907491952433
325,14,23.707028310990278
326,12,7.82723346438665
326,13,23.44358155162188
326,14,23.7601222353592
327,12,7.825269618213365
327,13,23.498039926465143
327,14,23.813167890506076
328,12,7.823520122294358
328,13,23.552449974505002
328,14,23.86616520530723
329,12,7.821942476165429
329,13,23.606811626262235
329,14,23.91911410870182
330,12,7.820498299443457
330,13,23.661124825977492
330,14,23.97201454305925
331,12,7.819152934662769
331,13,23.71538951013882
331,14,24.02486644332294
332,12,7.8178750875409175
332,13,23.769605620379632
332,14,24.077669749619687
333,12,7.816636502218254
333,13,23.823773110275482
333,14,24.130424413915353
334,12,7.815411668139754
334,13,23.87789194032972
334,14,24.183130395158347
335,12,7.814177555392749
335,13,23.93196206699129
335,14,24.235787648604454
336,12,7.812913374743564
336,13,23.985983471885802
336,14,24.28839615429856
337,12,7.8116003619681
337,13,24.03995613895561
337,14,24.340955894820176
338,12,7.810221582721581
338,13,24.093880048814942
338,14,24.393466849791555
339,12,7.808761755414124
339,13,24.147755207564078
339,14,24.445929023938163
340,12,7.807207092732703
340,13,24.201581612146388
340,14,24.498342413351505
341,12,7.805545156743175
341,13,24.25535928474788
341,14,24.550707038982104
342,12,7.803764729649571
342,13,24.30908824381815
342,14,24.603022918414712
343,12,7.80185569580346
343,13,24.3627685210916
343,14,24.655290082434828
344,12,7.799808935959257
344,13,24.41640014981798
344,14,24.707508563559976
345,12,7.797616231231164
345,13,24.469983170220488
345,14,24.75967840134469
346,12,7.795270175989254
346,13,24.52351764066124
346,14,24.811799653241035
347,12,7.792764100559329
347,13,24.57700361435961
347,14,24.863872371920205
348,12,7.790092000113274
348,13,24.630441150554528
348,14,24.9158966161299
349,12,7.7872484705218
349,13,24.68383031990837
349,14,24.967872455944168
350,12,7.7842286512512615
350,13,24.737171192720275
350,14,25.01979996127753
351,12,7.781028172651508
351,13,24.790463850066367
351,14,25.071679212719516
352,12,7.777643109171828
352,13,24.843708377757018
352,14,25.123510295641168
353,12,7.7740699372226345
353,13,24.89690486031711
353,14,25.17529329432493
354,12,7.7703054960374365
354,13,24.950053392135274
354,14,25.227028302807916
355,12,7.766346953739893
355,13,25.003154065747616
355,14,25.278715413467292
356,12,7.762191775187553
356,13,25.056206982998184
356,14,25.330354727874713
357,12,7.7578376945035155
357,13,25.109212243357682
357,14,25.381946345417038
358,12,7.753282688599851
358,13,25.162169955097
358,14,25.433490374163764
359,12,7.748524954489717
359,13,25.215080229342423
359,14,25.48498692507238
360,12,7.743562889476134
360,13,25.26794316845911
360,14,25.53643610067484
361,12,7.738395069685514
361,13,25.320758894341846
361,14,25.587838022604963
362,12,7.733020235653239
362,13,25.373527519722373
362,14,25.63919280366591
363,12,7.727437275302794
363,13,25.42624916507596
363,14,25.690500564278004
364,12,7.721645211196261
364,13,25.478923947062444
364,14,25.741761421223472
365,12,7.715643187413475
365,13,25.53155198405875
365,14,25.79297549302504
366,12,7.709430456858806
366,13,25.584133407369425
366,14,25.84414291084974
367,12,7.703006374288966
367,13,25.636668332667167
367,14,25.89526379071192
368,12,7.69637038373997
368,13,25.689156888273292
368,14,25.946338260988757
369,12,7.6895220114502685
369,13,25.7415992036644
369,14,25.997366451231407
370,12,7.682460858295377
370,13,25.793995409356043
370,14,26.0483484920476
371,12,7.675186593739954
371,13,25.84634563112631
371,14,26.099284509477446
372,12,7.667698948135506
372,13,25.898650001257106
372,14,26.150174635927733
373,12,7.659997709549428
373,13,25.95090864144142
373,14,26.201018993537886
374,12,7.65208271462454
374,13,26.003121691019306
374,14,26.25181772164918
375,12,7.643953848145311
375,13,26.055289278577252
375,14,26.30257094916941
376,12,7.635611036394979
376,13,26.107411538859594
376,14,26.35327881102395
377,12,7.627054245197098
377,13,26.15948860138402
377,14,26.403941437077336
378,12,7.6182834747440005
378,13,26.21152060168773
378,14,26.454294089901463
379,12,7.609298816376583
379,13,26.26350768318338
379,14,26.5043638207914
380,12,7.600100436460225
380,13,26.315450005714244
380,14,26.554175010523803
381,12,7.590688566060556
381,13,26.367347731920738
381,14,26.603749624156066
382,12,7.581063488371848
382,13,26.419201036543907
382,14,26.653107461153663
383,12,7.571225531675378
383,13,26.47101009346065
383,14,26.702266360146087
384,12,7.561175059457325
384,13,26.52277508554785
384,14,26.751242403801093
385,12,7.5509124658897715
385,13,26.5744961922217
385,14,26.800050082984665
386,12,7.5404381679696595
386,13,26.626173599718584
386,14,26.848702464922074
387,12,7.529752601769799
387,13,26.677807494639463
387,14,26.897211329712277
388,12,7.518856219550518
388,13,26.72939805765307
388,14,26.94558729283089
389,12,7.50774948400023
389,13,26.780945474204053
389,14,26.99357369088466
390,12,7.496432926669626
390,13,26.832449936137014
390,14,27.04120608645122
391,12,7.484907132759572
391,13,26.883911644274328
391,14,27.088516521914975
392,12,7.473172727913459
392,13,26.935330811462638
392,14,27.135266904403352
393,12,7.461230428615488
393,13,26.98670766815293
393,14,27.18151014120985
394,12,7.449081023328174
394,13,27.038042452290647
394,14,27.227293897294924
395,12,7.4367253527876835
395,13,27.08933541675445
395,14,27.272393333555684
396,12,7.424164357875956
396,13,27.140586828366235
396,14,27.316605702226365
397,12,7.411399112881146
397,13,27.191796987189726
397,14,27.359478889798517
398,12,7.398430916396011
398,13,27.242966235055952
398,14,27.401143782552104
399,12,7.385261238030145
399,13,27.294094955297858
399,14,27.441718342168162
400,12,7.37189167847307
400,13,27.345183551867265
400,14,27.481308873846377
401,12,7.358323930533317
401,13,27.396232452406977
401,14,27.520011186278968
402,12,7.344559751790383
402,13,27.447242090269494
402,14,27.557911620327683
403,12,7.33060093636017
403,13,27.498212910077807
403,14,27.595087992402952
404,12,7.316449296977943
404,13,27.549145351902922
404,14,27.631610428675536
405,12,7.302106644727748
405,13,27.60003985866491
405,14,27.66754213254309
406,12,7.287574776541494
406,13,27.65089686748845
406,14,27.70294006478983
407,12,7.27285546554671
407,13,27.701716801691603
407,14,27.737855556464996
408,12,7.257950450585257
408,13,27.752500074478966
408,14,27.772334868650923
409,12,7.24286142595879
409,13,27.803247098656154
409,14,27.806419700820413
410,12,7.227590044413166
410,13,27.853958257655663
410,14,27.840147623367116
411,12,7.212137905066886
411,13,27.904633932696086
411,14,27.87327963253497
412,12,7.196506617465044
412,13,27.955274499252745
412,14,27.90532638691071
413,12,7.180697908183226
413,13,28.005880362647197
413,14,27.936393854770998
414,12,7.164713587124465
414,13,28.056451944544513
414,14,27.966303172750056
415,12,7.148555581861657
415,13,28.106989684549664
415,14,27.995167468347727
416,12,7.132225897298831
416,13,28.157494043126988
416,14,28.02308871814205
417,12,7.115726588479283
417,13,28.207965483617954
417,14,28.05015884123847
418,12,7.099059733305389
418,13,28.25840447216709
418,14,28.076460693919255
419,12,7.0822274078108
419,13,28.308811484231843
419,14,28.102068968908924
420,12,7.065231678256998
420,13,28.359186973006732
420,14,28.127050986535643
421,12,7.048074578064164
421,13,28.409531394262594
421,14,28.15146743512314
422,12,7.030758100510592
422,13,28.45984519285983
422,14,28.175096170086263
423,12,7.01328425527836
423,13,28.510128809287846
423,14,28.198013763167022
424,12,6.995655047690828
424,13,28.56038268109355
424,14,28.22028923898965
425,12,6.977872461397261
425,13,28.610607245103402
425,14,28.241984821411364
426,12,6.959938447969358
426,13,28.66080292920592
426,14,28.263156601569893
427,12,6.941854917169678
427,13,28.710970150276996
427,14,28.283855142435517
428,12,6.923623733461226
428,13,28.761109301484304
428,14,28.304126019278577
429,12,6.9052467002926
429,13,28.81122077890609
429,14,28.324010322270954
430,12,6.886725568125521
430,13,28.86130494737409
430,14,28.343545085802447
431,12,6.868062021513097
431,13,28.911362167729003
431,14,28.36276369874925
432,12,6.849257681473571
432,13,28.961392785425016
432,14,28.38169625980801
433,12,6.830314106842455
433,13,29.0113971248947
433,14,28.400369899779683
434,12,6.811232790100811
434,13,29.061375500737967
434,14,28.418809078151888
435,12,6.792015162198108
435,13,29.11132820683008
435,14,28.437035842504468
436,12,6.772662589424626
436,13,29.16125552774621
436,14,28.455070070185208
437,12,6.753176379186532
437,13,29.21115772806054
437,14,28.472929678413546
438,12,6.733557779696545
438,13,29.261035058364982
438,14,28.490630819370175
439,12,6.713807977619671
439,13,29.31088776688205
439,14,28.508188058118577
440,12,6.693928111230439
440,13,29.360716072262058
440,14,28.525614519650162
441,12,6.673919259554221
441,13,29.41052019745054
441,14,28.54292204201646
442,12,6.653782458053143
442,13,29.46030033697438
442,14,28.56012129214216
443,12,6.633518689954214
443,13,29.510056685272964
443,14,28.577221890388664
444,12,6.613128893126158
444,13,29.559789426184025
444,14,28.594232510246464
445,12,6.592613964800533
445,13,29.609498727973367
445,14,28.61116096980941
446,12,6.571974759418616
446,13,29.65918475499584
446,14,28.62801431972789
447,12,6.551212095551579
447,13,29.70884765715164
447,14,28.644798915290696
448,12,6.530326753569682
448,13,29.75848758151395
448,14,28.661520488571345
449,12,6.50931948482945
449,13,29.80810465620408
449,14,28.67818420445677
450,12,6.488191002098623
450,13,29.857699018616593
450,14,28.694794725542437
451,12,6.466941993298868
451,13,29.907270788160794
451,14,28.71135625289424
452,12,6.445573116390667
452,13,29.956820083348966
452,14,28.727872576781262
453,12,6.424085005977883
453,13,30.00634701113346
453,14,28.7443471136678
454,12,6.402478270283983
454,13,30.055851678403158
454,14,28.760782946596358
455,12,6.380753497629318
455,13,30.105334181277303
455,14,28.777182854567226
456,12,6.359839575602623
456,13,30.154794611013116
456,14,28.793549344194837
457,12,6.339645177762462
457,13,30.20423301410777
457,14,28.80988462895943
458,12,6.320087851909405
458,13,30.253649396258865
458,14,28.826190661280577
459,12,6.301093162510214
459,13,30.30304372494667
459,14,28.842469160801155
460,12,6.282593912011321
460,13,30.352415941904113
460,14,28.8587216429476
461,12,6.264529435669712
461,13,30.401765980085692
461,14,28.87494944629005
462,12,6.2468449786493
462,13,30.45109374092701
462,14,28.89115374445844
463,12,6.2294911139464295
463,13,30.500399126254
463,14,28.90733557391564
464,12,6.212423232019784
464,13,30.549682025166813
464,14,28.923495845027663
465,12,6.195601070496428
465,13,30.598942328052868
465,14,28.93963536035681
466,12,6.178988296815625
466,13,30.648179917924146
466,14,28.955754824008668
467,12,6.162552124050382
467,13,30.69739468348991
467,14,28.971854856759858
468,12,6.146262969279793
468,13,30.746586515229744
468,14,28.98793600441681
469,12,6.13009414697061
469,13,30.795755295608675
469,14,29.00399874319952
470,12,6.114021579635242
470,13,30.84490092780861
470,14,29.02004349676055
471,12,6.098023555719897
471,13,30.894023303276754
471,14,29.036070632364037
472,12,6.08208049019099
472,13,30.943122335568262
472,14,29.052080477960953
473,12,6.066174728968433
473,13,30.992197927538285
473,14,29.068073316837996
474,12,6.050290351724906
474,13,31.041250004876925
474,14,29.084049403307663
475,12,6.034413014314522
475,13,31.090278483051833
475,14,29.100008956156795
476,12,6.018529785967648
476,13,31.13928330062727
476,14,29.115952173246182
477,12,6.002629022742054
477,13,31.18826438603709
477,14,29.131879224019293
478,12,5.986700234539451
478,13,31.23722168521856
478,14,29.147790261444502
479,12,5.970733976686839
479,13,31.28615515042449
479,14,29.163685420988543
480,12,5.955670413758358
480,13,31.33506473453512
480,14,29.179564821087993
481,12,5.941408178824267
481,13,31.383950349541273
481,14,29.195428515386176
482,12,5.927855742079833
482,13,31.432811881266048
482,14,29.211276506386724
483,12,5.914930460284803
483,13,31.481649191605754
483,14,29.227108753822588
484,12,5.9025577180189
484,13,31.53046211955282
484,14,29.242925181556277
485,12,5.89067014925665
485,13,31.5792504922339
485,14,29.258725686786942
486,12,5.879206934468673
486,13,31.62801413503333
486,14,29.274510148135644
487,12,5.868113169634639
487,13,31.676752864328172
487,14,29.290278427385342
488,12,5.857339291298474
488,13,31.725466501682483
488,14,29.30603037754746
489,12,5.8468405609720735
489,13,31.774154870859576
489,14,29.32176584482596
490,12,5.836576599404429
490,13,31.822817794340434
490,14,29.337484669958563
491,12,5.82651096365322
491,13,31.871455100482834
491,14,29.353186692593148
492,12,5.816610766234862
492,13,31.92006662478675
492,14,29.368871753407994
493,12,5.806846328918667
493,13,31.968652221912443
493,14,29.384539699397898
494,12,5.7971908776292675
494,13,32.01721173873394
494,14,29.400190376332308
495,12,5.7885821680909295
495,13,32.065745042471534
495,14,29.41582363875888
496,12,5.7809034721076635
496,13,32.114251956833684
496,14,29.431439292578762
497,12,5.774049385715709
497,13,32.16273228828094
497,14,29.447037111383153
498,12,5.767924737124906
498,13,32.21118580654074
498,14,29.462616836863663
499,12,5.762443592526276
499,13,32.259612279062615
499,14,29.478178195542508
500,12,5.757528363572505
500,13,32.3080114656416
500,14,29.493720901780595
501,12,5.75310900070161
501,13,32.35638311206398
501,14,29.509244659701768
502,12,5.7491222614381705
502,13,32.40472697604668
502,14,29.524749174811994
503,12,5.7455110527766955
503,13,32.4530428193056
503,14,29.540234154157528
504,12,5.742223836476983
504,13,32.501330404532006
504,14,29.555699307567146
505,12,5.739214090780321
505,13,32.5495895084016
505,14,29.571144353603554
506,12,5.736439825740229
506,13,32.59781991205203
506,14,29.586569017929705
507,12,5.7338631440950865
507,13,32.6460214132578
507,14,29.601973038309875
508,12,5.732422672989324
508,13,32.69419381621061
508,14,29.61735616218083
509,12,5.731991462246702
509,13,32.74233689494299
509,14,29.632718096905474
510,12,5.732454885825188
510,13,32.79045039226672
510,14,29.64805851738353
511,12,5.733709448188821
511,13,32.838534033646894
511,14,29.663377077181373
512,12,5.735661706782156
512,13,32.886587539677095
512,14,29.67867341812414
513,12,5.737250667240264
513,13,32.93461062081792
513,14,29.693947173300398
514,12,5.738496625856192
514,13,32.982603041513265
514,14,29.709198030435243
515,12,5.739417944467382
515,13,33.030564603329616
515,14,29.724425722099372
516,12,5.740031238221653
516,13,33.078495150809154
516,14,29.739630023647734
517,12,5.740351544670542
517,13,33.12639455589066
517,14,29.754810744801887
518,12,5.740392476808077
518,13,33.17426271938612
518,14,29.769967727050236
519,12,5.740166361123948
519,13,33.222099572922225
519,14,29.785100841543873
520,12,5.739684362238264
520,13,33.26990507029131
520,14,29.80020998395303
521,12,5.738956595606062
521,13,33.317679179179294
521,14,29.815295069731214
522,12,5.737992229224734
522,13,33.36542188422442
522,14,29.830356033211192
523,12,5.736799575344871
523,13,33.41313319035945
523,14,29.84539282700273
524,12,5.735386173641171
524,13,33.4608131099179
524,14,29.860405416465323
525,12,5.733758865852815
525,13,33.50846167195668
525,14,29.875393781359346
526,12,5.732910868878083
526,13,33.556078909795914
526,14,29.89035791078839
527,12,5.732750302186797
527,13,33.603664821803235
527,14,29.905297749647396
528,12,5.733194213698316
528,13,33.651219369071086
528,14,29.920213204846853
529,12,5.734167715309409
529,13,33.69874249374988
529,14,29.935104156991414
530,12,5.735603201927347
530,13,33.74623410879461
530,14,29.94997046219272
531,12,5.736448793093655
531,13,33.79369413063163
531,14,29.964811966548574
532,12,5.73674731773776
532,13,33.841122499729046
532,14,29.979628556805036
533,12,5.7365374926043975
533,13,33.88851920731136
533,14,29.994420163775658
534,12,5.735854320215186
534,13,33.93588425707875
534,14,30.009186746092034
535,12,5.734729448493782
535,13,33.983217687968775
535,14,30.02392829358764
536,12,5.734186212493812
536,13,34.030519559164865
536,14,30.038644819390374
537,12,5.734152177784379
537,13,34.077789891828
537,14,30.053336297897502
538,12,5.734561955709936
538,13,34.12502868694592
538,14,30.06800267592977
539,12,5.73535652123468
539,13,34.17223591475654
539,14,30.0826438742191
540,12,5.735484804419241
540,13,34.21941154159925
540,14,30.097259799795697
541,12,5.734997354047811
541,13,34.26655557261081
541,14,30.111850404089825
542,12,5.733939860335667
542,13,34.31366804530157
542,14,30.1264156757404
543,12,5.733353679980251
543,13,34.36074901854638
543,14,30.14095563269373
544,12,5.733177281021574
544,13,34.40779851821906
544,14,30.15547025981503
545,12,5.733355121860737
545,13,34.45481656490348
545,14,30.169959522231327
546,12,5.733837071587705
546,13,34.50180315151499
546,14,30.1844233625047
547,12,5.73457788614858
547,13,34.54875825843062
547,14,30.198861708765385
548,12,5.735536735470144
548,13,34.59568186248011
548,14,30.213274480402234
549,12,5.735672129452747
549,13,34.64257392897588
549,14,30.227661588072667
550,12,5.735050178314188
550,13,34.68943447494185
550,14,30.24202299742226
551,12,5.733730628678625
551,13,34.7362635502396
551,14,30.256358716761557
552,12,5.732774314912806
552,13,34.78306123618716
552,14,30.270668791011957
553,12,5.732130462553182
553,13,34.829827595179545
553,14,30.284953238926672
554,12,5.731753246594881
554,13,34.87656267021395
554,14,30.299212057073436
555,12,5.731601312444255
555,13,34.92326648367688
555,14,30.3134452229928
556,12,5.731637343159715
556,13,34.96993904639123
556,14,30.327652700959366
557,12,5.731827668716261
557,13,35.016580366095205
557,14,30.34183444710023
558,12,5.732141913063349
558,13,35.06319043908742
558,14,30.355990408991246
559,12,5.73255267535248
559,13,35.109769257803535
559,14,30.369810895179967
560,12,5.733035321269014
560,13,35.1563168337419
560,14,30.383326444656113
561,12,5.733567707421374
561,13,35.20283319031638
561,14,30.396564574163296
562,12,5.734129933068717
562,13,35.249318350474624
562,14,30.409239642652807
563,12,5.734704196574363
563,13,35.295772378346996
563,14,30.421404639218405
564,12,5.735274578234052
564,13,35.34219534227489
564,14,30.433107314115738
565,12,5.734810208170557
565,13,35.38858734373222
565,14,30.444390705089663
566,12,5.734416312521328
566,13,35.43494853198335
566,14,30.455293654639036
567,12,5.73407171939398
567,13,35.48127906791241
567,14,30.465851166511754
568,12,5.733757422760689
568,13,35.527579106891054
568,14,30.476094782298595
569,12,5.733456364599814
569,13,35.57384880897605
569,14,30.48605292674699
570,12,5.733153239076199
570,13,35.62008832750209
570,14,30.495751214227603
571,12,5.732834316297108
571,13,35.666297814085425
571,14,30.505212728242533
572,12,5.732487283774911
572,13,35.71247742371506
572,14,30.514458273218313
573,12,5.73210110388495
573,13,35.75862730906449
573,14,30.52350659922343
574,12,5.731665885670219
574,13,35.804747614877364
574,14,30.532374604435837
575,12,5.731172769457447
575,13,35.850838483264006
575,14,30.54107751959448
576,12,5.730613823040237
576,13,35.89690005903893
576,14,30.54962907418509
577,12,5.72998194847148
577,13,35.94293247882732
577,14,30.558041643211624
578,12,5.729270798075147
578,13,35.988935876477
578,14,30.566326382314543
579,12,5.729501660060158
579,13,36.034910388490594
579,14,30.574493349527504
580,12,5.730567797852709
580,13,36.08085609761659
580,14,30.582551552932433
581,12,5.731344532078646
581,13,36.12677303771007
581,14,30.5905090595935
582,12,5.731846704166016
582,13,36.172661259024274
582,14,30.598373155299548
583,12,5.732087770949118
583,13,36.218520825442916
583,14,30.606150420881633
584,12,5.732079936982215
584,13,36.26435181750782
584,14,30.613846801982348
585,12,5.731834274125518
585,13,36.31015432495038
585,14,30.621467670252816
586,12,5.73136082989826
586,13,36.35592843410949
586,14,30.62901787763193
587,12,5.730668725177292
587,13,36.401674253482604
587,14,30.636501811418277
588,12,5.7297662430678145
588,13,36.44739187997553
588,14,30.64392343455591
589,12,5.72969508570994
589,13,36.49308142485989
589,14,30.65128633125837
590,12,5.730359693259913
590,13,36.53874295062758
590,14,30.65859368135706
591,12,5.730638237757039
591,13,36.584376475105444
591,14,30.665848304964126
592,12,5.730555384090155
592,13,36.62998203645528
592,14,30.673052765036903
593,12,5.73013345105631
593,13,36.675559689761656
593,14,30.680209391361206
594,12,5.729392637729778
594,13,36.721109509492095
594,14,30.687320303144084
595,12,5.729389669347738
595,13,36.76663158156111
595,14,30.694387427878965
596,12,5.73003826677813
596,13,36.81212594413865
596,14,30.701412456861796
597,12,5.730220710478735
597,13,36.857592601540574
597,14,30.7083968743526
598,12,5.729969664707035
598,13,36.90303158854764
598,14,30.715342045137813
599,12,5.729314670937779
599,13,36.948442955381715
599,14,30.7222492228649
600,12,5.7293244159793755
600,13,36.993826769463716
600,14,30.729119560062607
601,12,5.729919878951888
601,13,37.0391830658735
601,14,30.73595405543656
602,12,5.731029726135871
602,13,37.08451184964998
602,14,30.742753572979737
603,12,5.73154550880066
603,13,37.12981309155594
603,14,30.749518857882407
604,12,5.731512512696127
604,13,37.175086807115804
604,14,30.75625061736781
605,12,5.730971678240875
605,13,37.22033304010819
605,14,30.76294952033824
606,12,5.729960021098018
606,13,37.265551846860596
606,14,30.76961619718405
607,12,5.728511011480553
607,13,37.310743316267555
607,14,30.77625124485928
608,12,5.727702469386587
608,13,37.35590754729286
608,14,30.782855225636688
609,12,5.7274580017437735
609,13,37.40104459915947
609,14,30.789428606853598
610,12,5.7277086461613145
610,13,37.446154493757206
610,14,30.795971774038847
611,12,5.72839215165886
611,13,37.491237235751115
611,14,30.8024850449713
612,12,5.729452329097644
612,13,37.53629280745656
612,14,30.808968678624467
613,12,5.73083846443927
613,13,37.58132117631284
613,14,30.81542288467905
614,12,5.731453055807778
614,13,37.62632229622306
614,14,30.821847831037715
615,12,5.731359001824708
615,13,37.67129616593678
615,14,30.82824371418123
616,12,5.7306131511319895
616,13,37.71624282676164
616,14,30.834610753404405
617,12,5.729266887768178
617,13,37.76116234520576
617,14,30.840949183757957
618,12,5.728421101795798
618,13,37.80605481538096
618,14,30.84725925253255
619,12,5.728013299737922
619,13,37.85092029901182
619,14,30.853541151494746
620,12,5.727987072547816
620,13,37.89575883180697
620,14,30.85979502610746
621,12,5.7282915067687
621,13,37.94057042889035
621,14,30.866020983482027
622,12,5.728880652663261
622,13,37.98535508672925
622,14,30.87221909884963
623,12,5.729713043955326
623,13,38.03011279509846
623,14,30.878389422552956
624,12,5.730751263840553
624,13,38.07484352962624
624,14,30.88453198358878
625,12,5.730902257194312
625,13,38.119547259926655
625,14,30.89064679464847
626,12,5.730240561529976
626,13,38.16422400728363
626,14,30.89673392019555
627,12,5.728833538306505
627,13,38.208873835986545
627,14,30.90279346695169
628,12,5.7278033182752095
628,13,38.25349683784055
628,14,30.908825574656625
629,12,5.727099730245944
629,13,38.29809308104697
629,14,30.914830345903372
630,12,5.726677494535885
630,13,38.3426626126641
630,14,30.920807852501127
631,12,5.726495749652248
631,13,38.3872054603126
631,14,30.926758140891422
632,12,5.726517624734624
632,13,38.43172164126674
632,14,30.932681237809778
633,12,5.7267098534524825
633,13,38.47621116024688
633,14,30.938577153786255
634,12,5.7270424252721925
634,13,38.52067402012064
634,14,30.94444588779901
635,12,5.7274882704345345
635,13,38.5651102160908
635,14,30.95028742924356
636,12,5.728022975437061
636,13,38.60951974023602
636,14,30.956101760852327
637,12,5.728624526013694
637,13,38.653902580372815
637,14,30.961888860496508
638,12,5.729273075048288
638,13,38.698258724001384
638,14,30.96764870333524
639,12,5.72995073296931
639,13,38.74258816201299
639,14,30.97338126365024
640,12,5.730641378392013
640,13,38.78689088951631
640,14,30.979086516063674
641,12,5.730260343850669
641,13,38.83116689578645
641,14,30.984764435156066
642,12,5.728900690922694
642,13,38.87541623409278
642,14,30.990415063727
643,12,5.727717869407423
643,13,38.9196390006964
643,14,30.99603849917691
644,12,5.726681604129826
644,13,38.96383527271535
644,14,31.001634817471718
645,12,5.725764586158369
645,13,39.00800511396204
645,14,31.007204077418912
646,12,5.724942185669984
646,13,39.0521485856616
646,14,31.01274632504151
647,12,5.724192193106546
647,13,39.09599201237667
647,14,31.01826159409402
648,12,5.723494657510867
648,13,39.1395631197305
648,14,31.023749927355468
649,12,5.722831660624159
649,13,39.18288687691601
649,14,31.029211375007648
650,12,5.722187113672125
650,13,39.225711651241355
650,14,31.034645992201987
651,12,5.721546647119705
651,13,39.26808532211322
651,14,31.04005385697214
652,12,5.720897431621976
652,13,39.3100510055427
652,14,31.04543506439778
653,12,5.720228017271901
653,13,39.351647535389695
653,14,31.050789724016095
654,12,5.719528189731238
654,13,39.39263523707358
654,14,31.056117956121163
655,12,5.718788914467326
655,13,39.43307321754835
655,14,31.061419907109645
656,12,5.718002206728653
656,13,39.473014712468874
656,14,31.06669574295212
657,12,5.717161015621856
657,13,39.51250766713771
657,14,31.07194564416631
658,12,5.71625912052109
658,13,39.5515952738492
658,14,31.07716980343533
659,12,5.715291039186653
659,13,39.590316435228445
659,14,31.08236842097287
660,12,5.714251945767543
660,13,39.62870619036153
660,14,31.087541701724444
661,12,5.713137597644605
661,13,39.66652060381339
661,14,31.09268985366814
662,12,5.711944344416099
662,13,39.70381572922518
662,14,31.097813102345317
663,12,5.710669055125412
663,13,39.74064206345383
663,14,31.10291168683478
664,12,5.709309054508674
664,13,39.77676905083299
664,14,31.10798585433651
665,12,5.707862140449921
665,13,39.81226527440608
665,14,31.113035874782256
666,12,5.7063265196373365
666,13,39.84691601145987
666,14,31.118062033936624
667,12,5.704700825241906
667,13,39.88052766133125
667,14,31.12306464625248
668,12,5.702984127775801
668,13,39.91292557950338
668,14,31.128044063079088
669,12,5.701175939120432
669,13,39.94422972399556
669,14,31.133000680897545
670,12,5.699276137301931
670,13,39.97454816704367
670,14,31.13793492863218
671,12,5.697284900777311
671,13,40.00370038482908
671,14,31.14284725955459
672,12,5.695202728382726
672,13,40.031801690950665
672,14,31.147738158217212
673,12,5.694121704436867
673,13,40.05895598096485
673,14,31.152608131042875
674,12,5.693934498425904
674,13,40.084978231933086
674,14,31.15745763027596
675,12,5.694544494517369
675,13,40.1099803099895
675,14,31.1622870764656
676,12,5.695864723934875
676,13,40.134062964316975
676,14,31.167096861486208
677,12,5.696723114547095
677,13,40.15703768065457
677,14,31.171552007637374
678,12,5.697157906183628
678,13,40.17873436064786
678,14,31.175686114221858
679,12,5.6972040878013175
679,13,40.19927933588528
679,14,31.179529565500086
680,12,5.696893668812888
680,13,40.218506428481334
680,14,31.183109838911758
681,12,5.696256004128946
681,13,40.23654596956277
681,14,31.18645180124692
682,12,5.695318008125389
682,13,40.25351541794952
682,14,31.18957795587128
683,12,5.69520203027621
683,13,40.269520634721204
683,14,31.1925086679067
684,12,5.695821746556258
684,13,40.284656970570325
684,14,31.19526229819835
685,12,5.6960005708067
685,13,40.298729288935334
685,14,31.197855401299407
686,12,5.695777744191572
686,13,40.311842805307066
686,14,31.2003029894958
687,12,5.695189021090875
687,13,40.32409235084037
687,14,31.202618676541427
688,12,5.695367812444059
688,13,40.33528178133432
688,14,31.204814807859243
689,12,5.696234614407065
689,13,40.34551593390502
689,14,31.206902526879755
690,12,5.696615847010971
690,13,40.35460722849511
690,14,31.208891892352547
691,12,5.696556641911566
691,13,40.362668680337094
691,14,31.210792070833456
692,12,5.696098075948465
692,13,40.36980214965301
692,14,31.212611415564375
693,12,5.695277532615897
693,13,40.37609944178333
693,14,31.21435753768279
694,12,5.695233647664719
694,13,40.38164329948423
694,14,31.216037371376466
695,12,5.695887734603618
695,13,40.38650824178028
695,14,31.217657164040958
696,12,5.696063085763038
696,13,40.39076138008958
696,14,31.21922254400448
697,12,5.695805643260304
697,13,40.39446321243267
697,14,31.220738652117817
698,12,5.695157071985946
698,13,40.39766827473428
698,14,31.222210183074203
699,12,5.695262896676066
699,13,40.40042572885929
699,14,31.223641423646196
700,12,5.696047419725248
700,13,40.40277983469464
700,14,31.22503621722643
701,12,5.696333431026806
701,13,40.40477043920956
701,14,31.226398009776673
702,12,5.696169479832402
702,13,40.40643347367143
702,14,31.22772996118281
703,12,5.69559951832152
703,13,40.407801338082265
703,14,31.22903496789596
704,12,5.694663336253311
704,13,40.4089032488117
704,14,31.23031568463633
705,12,5.694508430412471
705,13,40.40976555108574
705,14,31.231574543634906
706,12,5.6950570639578615
706,13,40.410411943586965
706,14,31.232813701989606
707,12,5.6962390864448444
707,13,40.41086374447854
707,14,31.23403507270048
708,12,5.696877900796088
708,13,40.411140130132495
708,14,31.235240351129672
709,12,5.697026910737932
709,13,40.41125840833345
709,14,31.236431111165345
710,12,5.696734401722798
710,13,40.41123420010655
710,14,31.237608811700355
711,12,5.6960440314003105
711,13,40.41108160422622
711,14,31.238774804658334
712,12,5.694995272693855
712,13,40.410813345500806
712,14,31.23993034171469
713,12,5.694740227907493
713,13,40.41044090867193
713,14,31.24107658083338
714,12,5.695200312765077
714,13,40.40997460109044
714,14,31.2422145214855
715,12,5.696304573360625
715,13,40.40942367334854
715,14,31.24334502428655
716,12,5.696870731877055
716,13,40.40879642730397
716,14,31.244468829026133
717,12,5.696951979215746
717,13,40.40810037162179
717,14,31.245586641380918
718,12,5.696596381552128
718,13,40.40734229751484
718,14,31.246699132434046
719,12,5.6958473737898245
719,13,40.406528347149035
719,14,31.247806938747935
720,12,5.694744205518232
720,13,40.405664075690716
720,14,31.24891066249812
721,12,5.694443652095064
721,13,40.40475450724384
721,14,31.250010872158157
722,12,5.694866409110984
722,13,40.40380412698036
722,14,31.251108031289984
723,12,5.6959408553539275
723,13,40.40281693861487
723,14,31.25220251359684
724,12,5.696479216560464
724,13,40.40179651569025
724,14,31.2532946161643
725,12,5.696534611843421
725,13,40.400746106086864
725,14,31.25438464326657
726,12,5.696155030597954
726,13,40.399668661849425
726,14,31.255472901678008
727,12,5.6953838278048705
727,13,40.39856686586374
727,14,31.256559697297693
728,12,5.694260171097695
728,13,40.397443155960865
728,14,31.257645332566415
729,12,5.6939456060637825
729,13,40.39629974744259
729,14,31.25873010383427
730,12,5.694360248362535
730,13,40.395138593932295
730,14,31.259814227212097
731,12,5.695431945406828
731,13,40.393961417474245
731,14,31.260897851414903
732,12,5.695967599759804
732,13,40.392769735271074
732,14,31.261981068853665
733,12,5.696020380202913
733,13,40.39156494251943
733,14,31.263063998174772
734,12,5.695638316087385
734,13,40.39034832185378
734,14,31.26414677804808
735,12,5.694864793798705
735,13,40.38912105175733
735,14,31.265229562229003
736,12,5.69486937098406
736,13,40.38788421489133
736,14,31.266312514954976
737,12,5.695575169087934
737,13,40.38663874573526
737,14,31.267395734423904
738,12,5.695781212503471
738,13,40.38538544940557
738,14,31.268479264059785
739,12,5.695537179013866
739,13,40.384125077636895
739,14,31.269563175709873
740,12,5.694887942779744
740,13,40.382858331616724
740,14,31.270647563469026
741,12,5.695007390946911
741,13,40.381585864487015
741,14,31.27173253868336
742,12,5.695819550711581
742,13,40.3803082241467
742,14,31.272818152047112
743,12,5.696121283090373
743,13,40.37902586763989
743,14,31.273904404446103
744,12,5.695963307888593
744,13,40.37773923384717
744,14,31.274991329843132
745,12,5.69539143983562
745,13,40.376448742470984
745,14,31.27607898884585
746,12,5.694447062675714
746,13,40.37515479368319
746,14,31.277167462964904
747,12,5.694304482173284
747,13,40.37385776772831
747,14,31.27825684998529
748,12,5.694884509581295
748,13,40.37255796471864
748,14,31.279347185898636
749,12,5.696115615027602
749,13,40.37125561680273
749,14,31.28043845603078
750,12,5.696794530894978
750,13,40.36995089849424
750,14,31.28153060478258
751,12,5.696976024355552
751,13,40.368643996322874
751,14,31.282623617970884
752,12,5.696709565825928
752,13,40.367335104930994
752,14,31.283717515045282
753,12,5.696039840911185
753,13,40.36602442318617
753,14,31.28481234295357
754,12,5.695007212950619
754,13,40.3647121519536
754,14,31.285908170062743
755,12,5.69478978713511
755,13,40.363398491627514
755,14,31.28700508153276
756,12,5.695307057410625
756,13,40.362083579131784
756,14,31.288103100963085
757,12,5.696486303230342
757,13,40.36076749875361
757,14,31.28920220142848
758,12,5.697118475118857
758,13,40.35945029128429
758,14,31.290302315105976
759,12,5.697257849489583
759,13,40.35813202237954
759,14,31.291403416733576
760,12,5.696953453290095
760,13,40.356812777624874
760,14,31.292505515547944
761,12,5.6962495715046755
761,13,40.35549265773639
761,14,31.29360864887977
762,12,5.69518620546576
762,13,40.35417177479371
762,14,31.294712876429053
763,12,5.69494581479289
763,13,40.35285024907833
763,14,31.29581827537489
764,12,5.695447118243834
764,13,40.35152814488067
764,14,31.296924861207447
765,12,5.695781802026212
765,13,40.35020548050615
765,14,31.298032598978637
766,12,5.695955792997135
766,13,40.34888227985119
766,14,31.29914146633163
767,12,5.695789936862203
767,13,40.34755857172008
767,14,31.300251452108718
768,12,5.695317950253586
768,13,40.34623440036108
768,14,31.301362567899815
769,12,5.695570133180052
769,13,40.34490982152915
769,14,31.302474844156567
770,12,5.695474297592751
770,13,40.34358484717269
770,14,31.303588261047924
771,12,5.695064955475763
771,13,40.342259506567444
771,14,31.304702823111835
772,12,5.695374631162376
772,13,40.340933842628374
772,14,31.30581855475262
773,12,5.6953301264806635
773,13,40.33960785595503
773,14,31.306935430938502
774,12,5.695968907797381
774,13,40.33828156570721
774,14,31.30805345215971
775,12,5.696220251777115
775,13,40.33695495317716
775,14,31.309172573899613
776,12,5.696122501361461
776,13,40.33592382354186
776,14,31.310292781477195
777,12,5.695710205201059
777,13,40.335158892188794
777,14,31.31141406442388
778,12,5.695014493131102
778,13,40.33463379005752
778,14,31.312536416227367
779,12,5.695068284172925
779,13,40.33432477362196
779,14,31.313659833321232
780,12,5.695797000649355
780,13,40.33421040985265
780,14,31.31478424908427
781,12,5.696127433722484
781,13,40.33427135144966
781,14,31.3159095461127
782,12,5.6960986441044685
782,13,40.33449018751725
782,14,31.317035633018204
783,12,5.695745862984889
783,13,40.334851249824595
783,14,31.318162440201977
784,12,5.69510086763397
784,13,40.33534043838123
784,14,31.319289916438514
785,12,5.695200166854577
785,13,40.33594506454385
785,14,31.32041802606207
786,12,5.695969456812861
786,13,40.33665365588525
786,14,31.321546680213487
787,12,5.696332827107647
787,13,40.337455839796874
787,14,31.322675747828697
788,12,5.6963299063547135
788,13,40.338342292015
788,14,31.323805130910646
789,12,5.695996457245245
789,13,40.33900685093243
789,14,31.32493475943442
790,12,5.695364827226044
790,13,40.33947149031656
790,14,31.326064606589505
791,12,5.69547508046254
791,13,40.33975602429326
791,14,31.327194680872665
792,12,5.695241944881815
792,13,40.33987826551464
792,14,31.328324953067323
793,12,5.695710932716892
793,13,40.33985428141981
793,14,31.329455429996898
794,12,5.6957997351696035
794,13,40.33969851097521
794,14,31.330586081325862
795,12,5.6955457306670025
795,13,40.33942398396845
795,14,31.331716913148778
796,12,5.694982699937989
796,13,40.339042458508004
796,14,31.332847961423184
797,12,5.695154918557689
797,13,40.33856454516466
797,14,31.333979285823574
798,12,5.695989217265102
798,13,40.33799976443736
798,14,31.335110897989594
799,12,5.696404868183288
799,13,40.33735665855273
799,14,31.336242770440514
800,12,5.696443110741384
800,13,40.336942381615664
800,14,31.337374910889366
801,12,5.696141125776831
801,13,40.33673423164499
801,14,31.338507335821355
802,12,5.6955324348920335
802,13,40.33671177257403
802,14,31.339640068641323
803,12,5.694647260838895
803,13,40.33685660810365
803,14,31.34077313779293
804,12,5.694530017006751
804,13,40.33715217813362
804,14,31.34190657613174
805,12,5.695104160496493
805,13,40.33758352059093
805,14,31.343040351878567
806,12,5.696300544811859
806,13,40.33813711733481
806,14,31.344174381374806
807,12,5.697038146446611
807,13,40.33850027682143
807,14,31.34530853966809
808,12,5.697361862626307
808,13,40.33869180286241
808,14,31.34644275723285
809,12,5.697312277180205
809,13,40.33872865970356
809,14,31.34757701014049
810,12,5.696926074857316
810,13,40.33862615204171
810,14,31.34871131166465
811,12,5.69623641576112
811,13,40.33839808740011
811,14,31.349845705368665
812,12,5.695273273647542
812,13,40.33805692253336
812,14,31.35098025908239
813,12,5.695085255656615
813,13,40.33761389564711
813,14,31.352115059339297
814,12,5.695595296907449
814,13,40.33738060506545
814,14,31.353250139589036
815,12,5.695711326378991
815,13,40.337336208900815
815,14,31.354385468876057
816,12,5.69547206639938
816,13,40.33746195010041
816,14,31.355521032850277
817,12,5.694912439644171
817,13,40.33774094799253
817,14,31.356656830411954
818,12,5.695087843427132
818,13,40.33815801064155
818,14,31.357792871505975
819,12,5.695924884834334
819,13,40.338397159610835
819,14,31.35892910632259
820,12,5.69633252167133
820,13,40.338475954438266
820,14,31.359703025526926
821,12,5.696352981555786
821,13,40.3384102595717
821,14,31.360150536722525
822,12,5.696024514727066
822,13,40.33821440800568
822,14,31.360304032627386
823,12,5.695381767828811
823,13,40.33790134905102
823,14,31.360192735124503
824,12,5.694456122540688
824,13,40.33748278181537
824,14,31.35984300560162
825,12,5.6943032516230465
825,13,40.337272405259974
825,14,31.35927862486921
826,12,5.694846681304919
826,13,40.337249658717504
826,14,31.35852095669116
827,12,5.6960173619523236
827,13,40.337395990267254
827,14,31.357589192974437
828,12,5.69672433421403
828,13,40.337694660557446
828,14,31.356864399593846
829,12,5.697013489974233
829,13,40.338130601246895
829,14,31.35632605395471
830,12,5.6969261857499145
830,13,40.338386390897305
830,14,31.355955681282524
831,12,5.696499767339215
831,13,40.33847994737394
831,14,31.355736670932654
832,12,5.695767958706888
832,13,40.33842742419054
832,14,31.355654088459513
833,12,5.694761212931326
833,13,40.338243384268345
833,14,31.355694506447115
834,12,5.694538537631207
834,13,40.33794095656359
834,14,31.35584585250593
835,12,5.695022187446008
835,13,40.33753192077164
835,14,31.35609720330565
836,12,5.696141963337998
836,13,40.33733157271298
836,14,31.356438675349978
837,12,5.696801544850429
837,13,40.3373191782151
837,14,31.356861305366316
838,12,5.697046273864843
838,13,40.33747607678826
838,14,31.35735703425542
839,12,5.696917031793531
839,13,40.33778547423818
839,14,31.357918616091933
840,12,5.696450678230115
840,13,40.337926952689934
840,14,31.35853953610001
841,12,5.695680523956184
841,13,40.33791718462172
841,14,31.35884787572993
842,12,5.694636766728418
842,13,40.337771225940585
842,14,31.358874715970178
843,12,5.694382510064628
843,13,40.337808407396075
843,14,31.358648092064143
844,12,5.694839482219833
844,13,40.33770475234542
844,14,31.358193201228797
845,12,5.695937101972825
845,13,40.33778028358623
845,14,31.357532710686137
846,12,5.696574579159745
846,13,40.33801724394347
846,14,31.35705392675452
847,12,5.696797429485797
847,13,40.33809334205227
847,14,31.356738828730744
848,12,5.696646751034455
848,13,40.33802456787504
848,14,31.35657121686294
849,12,5.696159652956591
849,13,40.33782534006488
849,14,31.35653652839305
850,12,5.695369642331003
850,13,40.33750866030482
850,14,31.35662167221897
851,12,5.695346413872663
851,13,40.33739313119729
851,14,31.35681488021153
852,12,5.696013818784749
852,13,40.33745883146382
852,14,31.357105482163178
853,12,5.696262702510406
853,13,40.3376877688593
853,14,31.357483803629677
854,12,5.696134327467759
854,13,40.338063750933394
854,14,31.357941143929466
855,12,5.695665895200719
855,13,40.338264758043636
855,14,31.358101202928204
856,12,5.6948911201166
856,13,40.33830818997534
856,14,31.357993518042328
857,12,5.694882766011106
857,13,40.33820975563419
857,14,31.35764473735641
858,12,5.695564848282985
858,13,40.33798357964656
858,14,31.357447812652048
859,12,5.69582565922465
859,13,40.33764234094378
859,14,31.35738770088155
860,12,5.6957069930141575
860,13,40.33750563329029
860,14,31.357450883024377
861,12,5.695246504676787
861,13,40.337553210703376
861,14,31.357625188520725
862,12,5.695522618002083
862,13,40.33776684469167
862,14,31.357899660771192
863,12,5.695417058158957
863,13,40.33813006530488
863,14,31.358264364977533
864,12,5.694967490134166
864,13,40.33831933097928
864,14,31.358340367185928
865,12,5.695253915442955
865,13,40.33835194554656
865,14,31.35815635845663
866,12,5.696203215731823
866,13,40.3382434731996
866,14,31.35773815319447
867,12,5.696702722087714
867,13,40.338007913378426
867,14,31.35747947658742
868,12,5.696797029938649
868,13,40.33765789488324
868,14,31.357364537508488
869,12,5.696526400025315
869,13,40.33751423081475
869,14,31.357379141892224
870,12,5.695927100341247
870,13,40.337556503254234
870,14,31.357510509879145
871,12,5.695031802129101
871,13,40.33776632785168
871,14,31.357747134873744
872,12,5.694919006571703
872,13,40.33812715130278
872,14,31.358078656696993
873,12,5.6955108521298214
873,13,40.338314030872674
873,14,31.35812416905163
874,12,5.695687217539227
874,13,40.338344214279786
874,14,31.3579120281974
875,12,5.695489294792571
875,13,40.338233279041106
875,14,31.35783966392738
876,12,5.694954279417423
876,13,40.33799527266744
876,14,31.35789327566595
877,12,5.695167081757707
877,13,40.33764286297145
877,14,31.358060459443458
878,12,5.696053425726249
878,13,40.33749809097151
878,14,31.35795765528397
879,12,5.696494075078893
879,13,40.33754035128062
879,14,31.35761163892788
880,12,5.6965331901113645
880,13,40.33775111812662
880,14,31.357419225410723
881,12,5.6962105635999745
881,13,40.338113713956325
881,14,31.35736520688063
882,12,5.695562052724312
882,13,40.338301894710504
882,14,31.357435893607736
883,12,5.694620048492363
883,13,40.338333023687944
883,14,31.357618984124738
884,12,5.694468296803658
884,13,40.33822275440234
884,14,31.357903424524014
885,12,5.695028300599987
885,13,40.337985139895316
885,14,31.358279209533777
886,12,5.696229187928893
886,13,40.33763279618011
886,14,31.358363617877536
887,12,5.69695130237614
887,13,40.337488991870245
887,14,31.358185535614062
888,12,5.697242025554324
888,13,40.33753304312476
888,14,31.35777101036671
889,12,5.697144156848725
889,13,40.33774635248021
889,14,31.357517687391965
890,12,5.696696257677503
890,13,40.33811217680504
890,14,31.357409614172887
891,12,5.69593307117504
891,13,40.33830297147694
891,14,31.357432429270865
892,12,5.694885981023497
892,13,40.33833617114919
892,14,31.357573225401104
893,12,5.694641844875713
893,13,40.33822749274087
893,14,31.3578204023005
894,12,5.695120930570046
894,13,40.33799104515675
894,14,31.358163461387317
895,12,5.696251249387728
895,13,40.33763949361226
895,14,31.358217756632882
896,12,5.696908125423224
896,13,40.33749738510964
896,14,31.358011922623668
897,12,5.697138438374219
897,13,40.33754394890398
897,14,31.357571779937434
898,12,5.6969845337137475
898,13,40.337760509107454
898,14,31.357296244138787
899,12,5.696484561769868
899,13,40.338130251525264
899,14,31.35716902743794
900,12,5.695672893325201
900,13,40.33832433686555
900,14,31.35717546598083
901,12,5.694580575358423
901,13,40.3383602668761
901,14,31.357302379964416
902,12,5.694298149086461
902,13,40.33825381856695
902,14,31.35753792351474
903,12,5.694745199221552
903,13,40.338019154223105
903,14,31.357871376137304
904,12,5.695849119405521
904,13,40.337668986459505
904,14,31.358293035993785
905,12,5.69648060052902
905,13,40.33752910734494
905,14,31.358417348507054
906,12,5.6966863447392315
906,13,40.337578641887625
906,14,31.35827381933853
907,12,5.696508546458527
907,13,40.33779882237149
907,14,31.35788905210577
908,12,5.6959853271666985
908,13,40.33785798908661
908,14,31.357664291782207
909,12,5.695151110082355
909,13,40.33777219156168
909,14,31.357583739870446
910,12,5.695102982182639
910,13,40.33787095571512
910,14,31.357633192096337
911,12,5.695762823406678
911,13,40.33782080469338
911,14,31.357799781293828
912,12,5.695993265664006
912,13,40.33763649994736
912,14,31.358071874127923
913,12,5.695836813690422
913,13,40.337646820248814
913,14,31.358060959495276
914,12,5.6953318744623935
914,13,40.33783249247834
914,14,31.357795170770068
915,12,5.695581329098525
915,13,40.33786045718804
915,14,31.35767825809945
916,12,5.695441598673183
916,13,40.33774638711114
916,14,31.357695470780726
917,12,5.694951339706257
917,13,40.337820415382836
917,14,31.35783355406236
918,12,5.695214860606959
918,13,40.33774779199436
918,14,31.35808057515936
919,12,5.696157157764616
919,13,40.337859339162385
919,14,31.358046707890395
920,12,5.69664022287353
920,13,40.337820356430164
920,14,31.357759793678042
921,12,5.696709573552861
921,13,40.33764580277892
921,14,31.35762431261229
922,12,5.696406307970416
922,13,40.33766583777869
922,14,31.357625286544067
923,12,5.69576745081217
923,13,40.33786119720043
923,14,31.357749230882874
924,12,5.6948263569100765
924,13,40.337897602481995
924,14,31.357984005672563
925,12,5.6946856853583805
925,13,40.33779089785736
925,14,31.357938713812512
926,12,5.695265984982858
926,13,40.33755532905115
926,14,31.357641207962246
927,12,5.696495612901758
927,13,40.3375210383091
927,14,31.357496851309442
928,12,5.697236027280073
928,13,40.33766801858184
928,14,31.357490403392028
929,12,5.697535537179707
929,13,40.33797826431187
929,14,31.357608152424643
930,12,5.697437690727999
930,13,40.338117839309284
930,14,31.357837761956564
931,12,5.696981828006823
931,13,40.33810370143506
931,14,31.35816815557964
932,12,5.696203487404965
932,13,40.337951143227926
932,14,31.358208285626453
933,12,5.695134874885098
933,13,40.337673977970795
933,14,31.357987063177568
934,12,5.6948815746037855
934,13,40.33760294432319
934,14,31.357530568955575
935,12,5.695362780579413
935,13,40.33771765568652
935,14,31.357243806611773
936,12,5.6965054301029925
936,13,40.3379996927235
936,14,31.35710993516633
937,12,5.6971658477380025
937,13,40.33811375660939
937,14,31.35711372087013
938,12,5.697391678750607
938,13,40.33807650861851
938,14,31.357241482505188
939,12,5.6972259549075535
939,13,40.3379029771331
939,14,31.357480933271685
940,12,5.696707540890365
940,13,40.33760671761139
940,14,31.357821038839205
941,12,5.695871537731965
941,13,40.33751914060205
941,14,31.358251889685114
942,12,5.6947495627689175
942,13,40.33761958578405
942,14,31.35838188360297
943,12,5.694450436200337
943,13,40.33788947363038
943,14,31.358240988312833
944,12,5.6948924350264525
944,13,40.33799245721656
944,14,31.357856137267877
945,12,5.696001872827757
945,13,40.337945128217974
945,14,31.35763470736342
946,12,5.696630763571844
946,13,40.33776238665144
946,14,31.357560446721045
947,12,5.696826696269156
947,13,40.33777764472866
947,14,31.357618754416354
948,12,5.696632556977448
948,13,40.33797126180842
948,14,31.35779648999065
949,12,5.6960869937936645
949,13,40.33800532788426
949,14,31.358081827375003
950,12,5.695224920361142
950,13,40.33789572358635
950,14,31.358080214819314
951,12,5.695161593397803
951,13,40.33765679170008
951,14,31.357820243178907
952,12,5.6958177852612435
952,13,40.337622044787935
952,14,31.35771186932295
953,12,5.696037447314265
953,13,40.337771211505526
953,14,31.357740040262566
954,12,5.695863789381066
954,13,40.33808604552916
954,14,31.35789120949301
955,12,5.695335754237592
955,13,40.33822911276084
955,14,31.35815318627154
956,12,5.69557422990018
956,13,40.338217505054374
956,14,31.358130158269006
957,12,5.695416883529881
957,13,40.33806659388364
957,14,31.357850440487187
958,12,5.694903143659923
958,13,40.337790266132565
958,14,31.357724757960355
959,12,5.695155569701593
959,13,40.337401044406185
959,14,31.357737915443106
960,12,5.696098050125866
960,13,40.337231816515875
960,14,31.357876174393834
961,12,5.696574008798566
961,13,40.33726071142404
961,14,31.358127090316394
962,12,5.696629542729369
962,13,40.337468044856124
962,14,31.358093675267394
963,12,5.696306309256861
963,13,40.3378361237695
963,14,31.357804176142878
964,12,5.695641953307987
964,13,40.3380268713999
964,14,31.357670160635976
965,12,5.694670474500115
965,13,40.3380579634894
965,14,31.35767626604931
966,12,5.694512476061093
966,13,40.337945334099366
966,14,31.357808682525793
967,12,5.695087142328469
967,13,40.337703284065036
967,14,31.35805491862221
968,12,5.696321498849282
968,13,40.33766733640175
968,14,31.358016958856837
969,12,5.697058597611506
969,13,40.33781698773871
969,14,31.35772297170282
970,12,5.697347639605013
970,13,40.33781086563762
970,14,31.357585382973923
971,12,5.697233054557694
971,13,40.337664455646575
971,14,31.357588684568547
972,12,5.696754963450066
972,13,40.337714924702254
972,14,31.35771894117216
973,12,5.6959495097822455
973,13,40.337942771476605
973,14,31.357963607483878
974,12,5.694849254064517
974,13,40.338006982782396
974,14,31.35792375376691
975,12,5.694577347036659
975,13,40.33792389832616
975,14,31.35762774097796
976,12,5.695051629141
976,13,40.33770820632366
976,14,31.357489015340295
977,12,5.696197900632674
977,13,40.337696925608064
977,14,31.35749198133968
978,12,5.696854271725753
978,13,40.33786972046474
978,14,31.357622523228123
979,12,5.697069115032605
979,13,40.3378841977241
979,14,31.35786794313163
980,12,5.696886124532693
980,13,40.337756077021886
980,14,31.358216842087103
981,12,5.696344768064717
981,13,40.33782388466998
981,14,31.358270284999726
982,12,5.695480715269811
982,13,40.33774374587694
982,14,31.3580576762547
983,12,5.694326289526925
983,13,40.337855044238204
983,14,31.35760554535267
984,12,5.694008019280891
984,13,40.33781416237377
984,14,31.35732695898795
985,12,5.694442960395984
985,13,40.3376362750101
985,14,31.35720475559775
986,12,5.6955562055610125
986,13,40.33765998045869
986,14,31.357223427118875
987,12,5.696181538634828
987,13,40.337865220746046
987,14,31.357368936166008
988,12,5.696367132783389
988,13,40.337908713115716
988,14,31.357628655561044
989,12,5.696156503548588
989,13,40.33780651865378
989,14,31.357991250466675
990,12,5.695588958845546
990,13,40.33757312418028
990,14,31.358056481937226
991,12,5.69470011256163
991,13,40.33754723116032
991,14,31.357853968959468
992,12,5.694622720505375
992,13,40.337708325432274
992,14,31.357800771849348
993,12,5.695276108973854
993,13,40.33803786853054
993,14,31.3578820922328
994,12,5.6965873448695845
994,13,40.3381931199199
994,14,31.358084530679136
995,12,5.697388857150456
995,13,40.338191321537884
995,14,31.358005162858753
996,12,5.697731059621398
996,13,40.338048054048556
996,14,31.357671954530854
997,12,5.697659586998862
997,13,40.33777739682071
997,14,31.35750126212916
998,12,5.697215639417619
998,13,40.337718538229744
998,14,31.35747701153882
999,12,5.696436325032437
999,13,40.33785049987303
999,14,31.357584729943834
1000,12,5.695355066686076
1000,13,40.33782765406544
1000,14,31.357811386284496
