time_step,sample_id,demand_node_id,demand_node_seq,volume
0,0,12,11,5.21437560380268
0,1,12,11,5.521905713513541
0,2,12,11,5.493317599096841
0,3,12,11,5.476238870523872
0,4,12,11,5.535195880492688
0,5,12,11,6.060186001340746
0,6,12,11,5.4873870336626505
0,7,12,11,5.560335246690225
0,8,12,11,5.975176543482059
0,9,12,11,6.0099301107177965
0,10,12,11,5.77121346262108
0,11,12,11,8.295765605593376
0,12,12,11,8.140302191388582
0,13,12,11,8.04059228288532
0,14,12,11,7.715714596123841
0,15,12,11,7.669982717032106
0,16,12,11,8.419870002763993
0,17,12,11,8.432509893377668
0,18,12,11,8.043507413383507
0,19,12,11,8.502337700254378
0,20,12,11,8.00766676921288
0,21,12,11,8.242157042789307
0,22,12,11,8.463065379622131
0,23,12,11,7.735467301267849
0,24,12,11,8.218249570740829
0,25,12,11,7.69496241615776
0,26,12,11,7.824599266260438
0,27,12,11,7.783831366459818
0,28,12,11,7.85112961642256
0,29,12,11,8.106559649635471
0,30,12,11,8.495171210935197
0,31,12,11,8.331367531448992
0,32,12,11,8.893732236429617
0,33,12,11,8.295446384892042
0,34,12,11,8.472196588760527
0,35,12,11,7.6857281059937455
0,36,12,11,7.970033438151603
0,37,12,11,8.003841917133418
0,38,12,11,8.02242843629871
0,39,12,11,7.592374554112698
0,40,12,11,7.443049207738377
0,41,12,11,8.3545988626102
0,42,12,11,8.387891823472172
0,43,12,11,8.054894971903957
0,44,12,11,8.140442226907638
0,45,12,11,8.030103063707351
0,46,12,11,8.26805569116586
0,47,12,11,8.416462785789067
0,48,12,11,8.385076105162518
0,49,12,11,7.898203671918116
0,50,12,11,8.185610556876266
0,51,12,11,7.960596805238949
0,52,12,11,8.295884480803416
0,53,12,11,8.527544709731584
0,54,12,11,7.702071511841322
0,55,12,11,5.349074751804519
0,56,12,11,5.729958986395147
0,57,12,11,5.1909635041742375
0,58,12,11,5.543707279955693
0,59,12,11,5.754654793993186
0,60,12,11,5.5483370232634455
0,61,12,11,5.213534107767505
0,62,12,11,5.388282975276067
0,63,12,11,4.990406412578258
0,64,12,11,5.363008965847565
0,65,12,11,5.56745927748668
0,66,12,11,5.798839436659641
0,67,12,11,5.57280216241165
0,68,12,11,4.741360424549041
0,69,12,11,5.245543397924229
0,70,12,11,4.499362402434458
0,71,12,11,5.7349697437661
0,72,12,11,5.362978325169021
0,73,12,11,5.264813431054753
0,74,12,11,5.2102036171128
0,75,12,11,4.851778797127756
0,76,12,11,5.6953706131726145
0,77,12,11,5.547222023843105
0,78,12,11,5.07581951716657
0,79,12,11,6.397217067344797
0,80,12,11,6.183549269122719
0,81,12,11,10.31161563846829
0,82,12,11,10.119411883761831
0,83,12,11,10.162266984081153
0,84,12,11,9.806210701065224
0,85,12,11,9.903087679042226
0,86,12,11,9.887505173909545
0,87,12,11,9.790960447091573
0,88,12,11,10.22181731567122
0,89,12,11,9.701030277476212
0,90,12,11,10.46025959545307
0,91,12,11,10.220958243009944
0,92,12,11,10.396257463696054
0,93,12,11,9.24044218310095
0,94,12,11,10.202415981562433
0,95,12,11,10.0173588046278
0,96,12,11,10.598489840444564
0,97,12,11,10.144752598820377
0,98,12,11,10.005360061703506
0,99,12,11,10.126783567821548
0,100,12,11,10.080971421897337
0,101,12,11,10.163785171288124
0,102,12,11,10.02362217497702
0,103,12,11,10.02033160213838
0,0,13,12,44.22979964491665
0,1,13,12,44.27851432839282
0,2,13,12,44.14370864802094
0,3,13,12,44.665824792867866
0,4,13,12,45.29918674769644
0,5,13,12,43.84448608749358
0,6,13,12,45.187284148067256
0,7,13,12,44.79582715448458
0,8,13,12,43.89278956493692
0,9,13,12,43.87991027267536
0,10,13,12,43.79364515578906
0,11,13,12,44.0474352558929
0,12,13,12,45.66706931764159
0,13,13,12,40.27042147170742
0,14,13,12,39.01556363984346
0,15,13,12,40.2997127486978
0,16,13,12,39.83830464898706
0,17,13,12,40.878249259523145
0,18,13,12,40.225566504795445
0,19,13,12,40.7961561703788
0,20,13,12,39.704234471345025
0,21,13,12,39.73975231687021
0,22,13,12,40.981776155007125
0,23,13,12,41.41391969086605
0,24,13,12,40.31126401991661
0,25,13,12,40.24908997649509
0,26,13,12,40.20596497172607
0,27,13,12,39.68120174602435
0,28,13,12,41.00517186872879
0,29,13,12,40.767255969596434
0,30,13,12,39.67566855379655
0,31,13,12,41.68490153923539
0,32,13,12,40.758598459682375
0,33,13,12,40.35982999860082
0,34,13,12,40.40855577106953
0,35,13,12,41.297364009602255
0,36,13,12,40.3976251295411
0,37,13,12,39.317309307289314
0,38,13,12,39.82049053468288
0,39,13,12,40.56992099323367
0,40,13,12,40.59038589615424
0,41,13,12,40.127612285729775
0,42,13,12,41.32033088036506
0,43,13,12,39.779115698497385
0,44,13,12,40.589340060960176
0,45,13,12,40.18349190198101
0,46,13,12,40.25464269162517
0,47,13,12,39.9629412663681
0,48,13,12,40.391077794518836
0,49,13,12,40.69700267204357
0,50,13,12,39.83087173216777
0,51,13,12,41.39531516327668
0,52,13,12,39.66976190512663
0,53,13,12,39.80142205130166
0,54,13,12,40.205536787068844
0,55,13,12,40.5857424081912
0,56,13,12,40.765527537217096
0,57,13,12,40.21229658554341
0,58,13,12,40.44578887822143
0,59,13,12,41.155574388539144
0,60,13,12,40.53774600899058
0,61,13,12,39.24859758079825
0,62,13,12,39.58027333033033
0,63,13,12,40.038462172616
0,64,13,12,40.70522197860101
0,65,13,12,41.35372334383816
0,66,13,12,41.11518901102052
0,67,13,12,40.78597031926223
0,68,13,12,41.010138106449034
0,69,13,12,40.5666134152435
0,70,13,12,40.84312550441286
0,71,13,12,39.9314830370293
0,72,13,12,39.9626173726506
0,73,13,12,40.24301995108475
0,74,13,12,40.427001296322764
0,75,13,12,39.875972210182226
0,76,13,12,40.82572057679929
0,77,13,12,40.753503473372064
0,78,13,12,40.22281960453427
0,79,13,12,39.17216240867618
0,80,13,12,40.438421085556776
0,81,13,12,39.84737618154773
0,82,13,12,40.958437733539796
0,83,13,12,40.52991694480377
0,84,13,12,40.13401109391079
0,85,13,12,40.9588312622604
0,86,13,12,41.55838390718256
0,87,13,12,40.14339903979366
0,88,13,12,39.78549618398246
0,89,13,12,41.17474036505793
0,90,13,12,40.130749177892284
0,91,13,12,39.59398948147462
0,92,13,12,39.1114902752042
0,93,13,12,40.84399891110937
0,94,13,12,40.03690003976703
0,95,13,12,40.75094282278719
0,96,13,12,40.81108927803366
0,97,13,12,41.695829950298865
0,98,13,12,40.31653340344267
0,99,13,12,40.540683290511026
0,100,13,12,39.860707357856924
0,101,13,12,40.337781843439345
0,102,13,12,39.53684769550236
0,103,13,12,45.14755766224975
0,0,14,13,33.34115045021965
0,1,14,13,33.634472750858116
0,2,14,13,33.61334339900692
0,3,14,13,32.21610344453523
0,4,14,13,34.21447146676682
0,5,14,13,32.497257837958735
0,6,14,13,33.26592853208706
0,7,14,13,31.770079377159355
0,8,14,13,31.132772977755547
0,9,14,13,32.47514471985556
0,10,14,13,32.29652261272805
0,11,14,13,31.170523267745683
0,12,14,13,32.899102617610744
0,13,14,13,31.565594540229366
0,14,14,13,32.019269041065044
0,15,14,13,33.817209651598205
0,16,14,13,32.36078064443191
0,17,14,13,30.941600970999122
0,18,14,13,32.597483616823936
0,19,14,13,30.699525154079787
0,20,14,13,30.013011808613555
0,21,14,13,33.05678429158506
0,22,14,13,31.764799509571642
0,23,14,13,31.867107305005607
0,24,14,13,32.564613372019465
0,25,14,13,32.238887611647414
0,26,14,13,32.693800257555885
0,27,14,13,32.85192606804103
0,28,14,13,31.3655473064409
0,29,14,13,31.469858474435235
0,30,14,13,32.71796309709468
0,31,14,13,31.47305739436286
0,32,14,13,33.210653922886074
0,33,14,13,32.827060525319695
0,34,14,13,32.30263348406872
0,35,14,13,32.647336903042046
0,36,14,13,31.979369604087257
0,37,14,13,30.386645866944104
0,38,14,13,31.35791889112943
0,39,14,13,32.66328125046085
0,40,14,13,32.08886806319299
0,41,14,13,33.28244869957413
0,42,14,13,32.38250413137116
0,43,14,13,32.408277032005714
0,44,14,13,31.3289686402367
0,45,14,13,32.65220632294472
0,46,14,13,32.20596506239378
0,47,14,13,33.55289232694739
0,48,14,13,32.22285368566771
0,49,14,13,32.01878659617336
0,50,14,13,32.4598605623297
0,51,14,13,32.481960254048474
0,52,14,13,31.18801012848635
0,53,14,13,33.88963905629651
0,54,14,13,33.246110170050066
0,55,14,13,32.19139451702133
0,56,14,13,31.31538922692758
0,57,14,13,31.162840889162055
0,58,14,13,32.872492358010355
0,59,14,13,30.34649541312002
0,60,14,13,32.0307155810673
0,61,14,13,32.236088292686105
0,62,14,13,32.31588922881899
0,63,14,13,33.39842801292541
0,64,14,13,31.600954217897627
0,65,14,13,32.06617761713398
0,66,14,13,32.571957446693375
0,67,14,13,31.64326918692549
0,68,14,13,32.70720912197785
0,69,14,13,32.32405728859337
0,70,14,13,32.009000681239975
0,71,14,13,30.80394411637702
0,72,14,13,32.25727392786463
0,73,14,13,31.994587165259986
0,74,14,13,33.84129524103861
0,75,14,13,27.22810975674257
0,76,14,13,25.602974526998423
0,77,14,13,26.265547537149665
0,78,14,13,27.18121468396804
0,79,14,13,27.373251618825815
0,80,14,13,25.191135600110997
0,81,14,13,28.032958320342168
0,82,14,13,27.822368261302167
0,83,14,13,26.978822020738594
0,84,14,13,27.275943587743107
0,85,14,13,27.04235499678046
0,86,14,13,26.924038661561397
0,87,14,13,26.904528469620637
0,88,14,13,28.150520818062375
0,89,14,13,26.618116080944844
0,90,14,13,26.906814690516192
0,91,14,13,27.209597328674953
0,92,14,13,27.279076449084084
0,93,14,13,25.580197623864674
0,94,14,13,25.107429900213624
0,95,14,13,27.20335435448136
0,96,14,13,26.902659962503574
0,97,14,13,27.260500104812458
0,98,14,13,27.934700198587528
0,99,14,13,26.394730457829077
0,100,14,13,27.85139353704112
0,101,14,13,26.876106768845105
0,102,14,13,26.74796634376969
0,103,14,13,27.861442103348274
1,0,12,11,8.00759431232089
1,1,12,11,7.654436794887536
1,2,12,11,7.641238576248799
1,3,12,11,7.666704900376433
1,4,12,11,8.013871333987828
1,5,12,11,8.288791386121122
1,6,12,11,7.965446493171148
1,7,12,11,7.815068045761061
1,8,12,11,7.942767741670596
1,9,12,11,8.482433833215818
1,10,12,11,8.219054024631268
1,11,12,11,7.520470548163956
1,12,12,11,7.872382190499148
1,13,12,11,7.7080618366281275
1,14,12,11,8.199404880078642
1,15,12,11,7.904210868885155
1,16,12,11,8.077413796440592
1,17,12,11,5.551032240712943
1,18,12,11,5.351173172060474
1,19,12,11,5.228389954955776
1,20,12,11,5.477800641369592
1,21,12,11,5.088100402475964
1,22,12,11,5.334083876995362
1,23,12,11,5.65188784946001
1,24,12,11,5.992598082414675
1,25,12,11,5.412342203190457
1,26,12,11,5.685758230409681
1,27,12,11,5.312627174972051
1,28,12,11,5.571246604497799
1,29,12,11,6.111878890045521
1,30,12,11,5.420908347011755
1,31,12,11,5.345634578553144
1,32,12,11,5.460378445913761
1,33,12,11,6.00994396763635
1,34,12,11,5.237716719118944
1,35,12,11,5.420043153303747
1,36,12,11,5.395482142024064
1,37,12,11,5.833745407605828
1,38,12,11,6.063024740818028
1,39,12,11,5.491830280922881
1,40,12,11,5.697400345156329
1,41,12,11,5.261756695117589
1,42,12,11,5.309270088156038
1,43,12,11,5.549501294399609
1,44,12,11,4.868640510155802
1,45,12,11,4.923247873931048
1,46,12,11,5.483964718405939
1,47,12,11,5.562453499633637
1,48,12,11,5.726849561072374
1,49,12,11,5.4002307842776744
1,50,12,11,5.4676383152839865
1,51,12,11,4.85621397258309
1,52,12,11,5.351420030796047
1,53,12,11,5.362782729525809
1,54,12,11,5.534851108022246
1,55,12,11,5.4574464946854855
1,56,12,11,5.438541985789053
1,57,12,11,5.715001764074259
1,58,12,11,4.782941597761889
1,59,12,11,5.404412724036001
1,60,12,11,5.5094594841919005
1,61,12,11,5.804620054683569
1,62,12,11,5.471120134356092
1,63,12,11,5.694667672729878
1,64,12,11,5.515958301818094
1,65,12,11,5.325978890230831
1,66,12,11,5.104157226117424
1,67,12,11,7.671743830373443
1,68,12,11,7.58005244971179
1,69,12,11,7.07008532448173
1,70,12,11,7.93938049123423
1,71,12,11,7.973281751639184
1,72,12,11,7.216074366160173
1,73,12,11,6.740940011085679
1,74,12,11,7.3368491606748805
1,75,12,11,7.433668639735256
1,76,12,11,7.357580692777243
1,77,12,11,7.014660677216832
1,78,12,11,6.969231685693498
1,79,12,11,7.835941865500086
1,80,12,11,7.325544135861276
1,81,12,11,7.360935788906865
1,82,12,11,9.480303693747228
1,83,12,11,9.332907264399882
1,84,12,11,10.034975819355765
1,85,12,11,9.095222656301653
1,86,12,11,9.156992072680179
1,87,12,11,9.865775206276574
1,88,12,11,9.436508677831407
1,89,12,11,9.86382843100621
1,90,12,11,9.89480327332062
1,91,12,11,9.64232589782064
1,92,12,11,8.270080029655842
1,93,12,11,8.007837857881663
1,94,12,11,7.999881824309494
1,95,12,11,7.970722853867951
1,96,12,11,7.8378922966849744
1,97,12,11,7.5749379801717875
1,98,12,11,7.479004342085475
1,99,12,11,7.8780403157194385
1,100,12,11,7.659260909637725
1,101,12,11,8.09214323157677
1,102,12,11,8.288316066832197
1,103,12,11,8.16975954628054
1,0,13,12,46.07848998339296
1,1,13,12,46.1625494597407
1,2,13,12,45.658256907363075
1,3,13,12,45.77226300682729
1,4,13,12,46.11536044677608
1,5,13,12,46.00943517321896
1,6,13,12,45.9188831824724
1,7,13,12,45.68834524778095
1,8,13,12,44.32686172424604
1,9,13,12,46.413371998188495
1,10,13,12,45.69677922847492
1,11,13,12,44.05342915548341
1,12,13,12,45.34756875600408
1,13,13,12,46.36923197506691
1,14,13,12,45.560110814522325
1,15,13,12,45.973812599819965
1,16,13,12,46.43617036224836
1,17,13,12,45.54949991001065
1,18,13,12,45.64404447687187
1,19,13,12,46.085787809845115
1,20,13,12,45.64124601955156
1,21,13,12,45.34771789647698
1,22,13,12,45.611722913770805
1,23,13,12,46.8185539863223
1,24,13,12,45.50984493093477
1,25,13,12,45.38564094883916
1,26,13,12,45.41783573025247
1,27,13,12,46.30561369805944
1,28,13,12,46.444049995978034
1,29,13,12,44.68503295595358
1,30,13,12,45.71547486466754
1,31,13,12,41.30267634360243
1,32,13,12,41.21682931599227
1,33,13,12,41.52641777429968
1,34,13,12,41.14664361283753
1,35,13,12,42.65672969051903
1,36,13,12,41.153048340346714
1,37,13,12,40.23123344190299
1,38,13,12,40.63189548295411
1,39,13,12,40.57846501823039
1,40,13,12,41.083206458257344
1,41,13,12,40.6363189047792
1,42,13,12,43.535716616408784
1,43,13,12,43.58192705021035
1,44,13,12,43.995955742385505
1,45,13,12,44.07087109277228
1,46,13,12,48.03955542269388
1,47,13,12,47.272207513705425
1,48,13,12,47.613087835354506
1,49,13,12,46.994194111456345
1,50,13,12,49.34618858401488
1,51,13,12,48.18715002092721
1,52,13,12,47.828702796533065
1,53,13,12,49.07024678780696
1,54,13,12,48.44552794906331
1,55,13,12,47.60717969985148
1,56,13,12,47.52786634161105
1,57,13,12,47.11660457329277
1,58,13,12,47.14217842570775
1,59,13,12,40.54161638454811
1,60,13,12,41.535869075693306
1,61,13,12,40.519784620521726
1,62,13,12,39.72268297978754
1,63,13,12,40.7926934490398
1,64,13,12,41.71720981845046
1,65,13,12,41.24016417744325
1,66,13,12,40.669864892572186
1,67,13,12,40.935251799725
1,68,13,12,41.81503434418445
1,69,13,12,41.006819031077605
1,70,13,12,41.83378318237972
1,71,13,12,41.03040363047566
1,72,13,12,41.00533354098413
1,73,13,12,40.55664992614573
1,74,13,12,43.68072311029749
1,75,13,12,44.23083118894212
1,76,13,12,43.8747576241589
1,77,13,12,43.701846778733206
1,78,13,12,44.50659470580139
1,79,13,12,44.532757927805314
1,80,13,12,44.668849363592116
1,81,13,12,45.09968936600281
1,82,13,12,43.920008520933486
1,83,13,12,43.446673633575884
1,84,13,12,44.372636161992574
1,85,13,12,43.10092114235227
1,86,13,12,43.93288132594643
1,87,13,12,44.09990610057253
1,88,13,12,42.381262912126694
1,89,13,12,44.57606193090839
1,90,13,12,43.608373296270415
1,91,13,12,43.89849114479524
1,92,13,12,46.57224464819943
1,93,13,12,45.972088344146144
1,94,13,12,45.87774420318877
1,95,13,12,44.247416464350195
1,96,13,12,45.281232044679044
1,97,13,12,45.729836772235686
1,98,13,12,44.592193156760736
1,99,13,12,46.50500000380151
1,100,13,12,45.40695682996887
1,101,13,12,46.198479259376455
1,102,13,12,44.86169499319415
1,103,13,12,44.66873549391797
1,0,14,13,26.69066355229316
1,1,14,13,24.179494050642887
1,2,14,13,24.625520384695555
1,3,14,13,26.01300896139646
1,4,14,13,25.539690834587777
1,5,14,13,24.176438323367975
1,6,14,13,25.782116585707364
1,7,14,13,36.458991304526045
1,8,14,13,35.85861605449041
1,9,14,13,37.56498697276203
1,10,14,13,36.607191565042875
1,11,14,13,36.772961656746716
1,12,14,13,37.51262108056284
1,13,14,13,37.8027011642256
1,14,14,13,36.34099410186238
1,15,14,13,36.14031613934468
1,16,14,13,38.59870360013579
1,17,14,13,37.72537099531912
1,18,14,13,38.11326015059226
1,19,14,13,36.90796339268406
1,20,14,13,37.53088587634333
1,21,14,13,37.29023029169496
1,22,14,13,39.44598950275517
1,23,14,13,36.13181115176283
1,24,14,13,36.46512612259803
1,25,14,13,37.157284560907456
1,26,14,13,36.703727276481565
1,27,14,13,37.31410318632644
1,28,14,13,35.165362570708425
1,29,14,13,38.790075802005596
1,30,14,13,37.238291676300356
1,31,14,13,34.841712011813776
1,32,14,13,37.047209904311245
1,33,14,13,38.3577713154959
1,34,14,13,37.169651374892524
1,35,14,13,40.105527942291594
1,36,14,13,38.76646910529
1,37,14,13,39.578283456547126
1,38,14,13,39.73545023586263
1,39,14,13,38.66028364137195
1,40,14,13,41.49345997956177
1,41,14,13,39.65882160920163
1,42,14,13,40.01622492842376
1,43,14,13,39.21970341053396
1,44,14,13,40.50959832260846
1,45,14,13,40.18388363207612
1,46,14,13,39.18591175471701
1,47,14,13,39.207628917028664
1,48,14,13,41.08864352370037
1,49,14,13,39.81272670483075
1,50,14,13,41.05431215602409
1,51,14,13,39.547740689524154
1,52,14,13,40.27502165514226
1,53,14,13,40.206489241030035
1,54,14,13,38.970129303595556
1,55,14,13,39.80531731465763
1,56,14,13,40.12520468293905
1,57,14,13,26.751790435675396
1,58,14,13,24.50085328203175
1,59,14,13,25.196568177843513
1,60,14,13,25.094606659328306
1,61,14,13,25.86767579105444
1,62,14,13,22.937843876723676
1,63,14,13,26.566034103955882
1,64,14,13,25.12943744805107
1,65,14,13,26.39686887970223
1,66,14,13,26.287561586176
1,67,14,13,26.469696568473637
1,68,14,13,24.056915590164067
1,69,14,13,23.797687094233268
1,70,14,13,26.298282305582507
1,71,14,13,25.280694796776825
1,72,14,13,25.760046129367105
1,73,14,13,24.50101354881895
1,74,14,13,26.49432474466022
1,75,14,13,25.206864652945868
1,76,14,13,25.546428873177803
1,77,14,13,25.041406715903832
1,78,14,13,25.259998780006686
1,79,14,13,25.556905546338207
1,80,14,13,25.717780397472097
1,81,14,13,26.009455063104223
1,82,14,13,25.08399926408107
1,83,14,13,26.23329256333078
1,84,14,13,25.70126726037694
1,85,14,13,25.385339478136697
1,86,14,13,23.4983978869169
1,87,14,13,25.182586224052404
1,88,14,13,24.693393004122477
1,89,14,13,39.82956730479594
1,90,14,13,39.69955284372315
1,91,14,13,39.79538231597092
1,92,14,13,39.17130141059005
1,93,14,13,39.60814530417483
1,94,14,13,40.1613331318184
1,95,14,13,38.9123267962389
1,96,14,13,40.92815148229406
1,97,14,13,40.79802839936072
1,98,14,13,40.85536528878369
1,99,14,13,39.36242999846396
1,100,14,13,39.258366056074706
1,101,14,13,39.19999691629402
1,102,14,13,40.689880419504284
1,103,14,13,39.19804950354739
2,0,12,11,6.5540744001685445
2,1,12,11,7.742639496851285
2,2,12,11,7.800105023432425
2,3,12,11,8.027038987893295
2,4,12,11,7.586840561680388
2,5,12,11,7.5206275413715025
2,6,12,11,8.255345535969015
2,7,12,11,7.567863032698633
2,8,12,11,8.124193686620519
2,9,12,11,8.162450833466046
2,10,12,11,7.8792517238997375
2,11,12,11,7.512383335570436
2,12,12,11,7.898769566391784
2,13,12,11,7.520345651077336
2,14,12,11,8.432737485601738
2,15,12,11,7.317951462090378
2,16,12,11,7.63550208379212
2,17,12,11,8.700852531100994
2,18,12,11,7.988322067416733
2,19,12,11,7.145860688118155
2,20,12,11,7.848592879134042
2,21,12,11,7.370719789753879
2,22,12,11,8.15461084950395
2,23,12,11,7.681849301882462
2,24,12,11,7.672189213851721
2,25,12,11,7.775770528950143
2,26,12,11,8.127880680067461
2,27,12,11,7.747076672082043
2,28,12,11,7.406742591729971
2,29,12,11,7.918878141063021
2,30,12,11,7.60729525356195
2,31,12,11,8.129259581393379
2,32,12,11,7.957612616821708
2,33,12,11,7.507539708289037
2,34,12,11,7.879654615629717
2,35,12,11,7.520546612112164
2,36,12,11,7.574687722167045
2,37,12,11,7.620827652481567
2,38,12,11,8.017968705147936
2,39,12,11,7.972976014090846
2,40,12,11,8.098732931485152
2,41,12,11,7.74434733957705
2,42,12,11,7.898105317976746
2,43,12,11,8.26680267802461
2,44,12,11,7.545044967344933
2,45,12,11,7.604628161281421
2,46,12,11,8.116527865721999
2,47,12,11,7.903280635399941
2,48,12,11,7.888941059349856
2,49,12,11,7.520855560131762
2,50,12,11,7.5721976156179265
2,51,12,11,8.144526308053965
2,52,12,11,7.876944028562649
2,53,12,11,7.851168819194164
2,54,12,11,7.589709107350109
2,55,12,11,7.753037359603912
2,56,12,11,7.870409652767999
2,57,12,11,7.310724859883198
2,58,12,11,8.208593459192812
2,59,12,11,7.761464781632572
2,60,12,11,8.130391724786618
2,61,12,11,7.332327829464043
2,62,12,11,8.129573449500672
2,63,12,11,7.901780058579728
2,64,12,11,7.878555263646932
2,65,12,11,7.811960022877475
2,66,12,11,7.716500856310745
2,67,12,11,8.039329055048501
2,68,12,11,7.654655441922461
2,69,12,11,7.929509014950463
2,70,12,11,8.024543896918452
2,71,12,11,7.697865073477494
2,72,12,11,7.282703077625577
2,73,12,11,7.800352444888998
2,74,12,11,7.250113762662216
2,75,12,11,7.737334605731368
2,76,12,11,8.171686261568693
2,77,12,11,7.877615838375845
2,78,12,11,7.3700301196760165
2,79,12,11,7.676362357464637
2,80,12,11,7.710628262029458
2,81,12,11,7.584244214101883
2,82,12,11,7.310062805899893
2,83,12,11,7.450885382105975
2,84,12,11,7.612955784674793
2,85,12,11,8.252663242772416
2,86,12,11,7.809624628895442
2,87,12,11,8.313003390412835
2,88,12,11,7.645526138390788
2,89,12,11,7.841109042995941
2,90,12,11,7.533280035947839
2,91,12,11,7.655565561715559
2,92,12,11,7.484007796824361
2,93,12,11,7.880126148156873
2,94,12,11,7.965573335694393
2,95,12,11,7.751319607840484
2,96,12,11,7.5951212870295315
2,97,12,11,7.640846183866726
2,98,12,11,8.00994461579879
2,99,12,11,7.845375981746425
2,100,12,11,7.579329646884414
2,101,12,11,7.567879320374781
2,102,12,11,8.492650505889435
2,103,12,11,7.853877894189015
2,0,13,12,47.6262918052482
2,1,13,12,40.7782600272805
2,2,13,12,40.32063665767691
2,3,13,12,41.16607260151038
2,4,13,12,41.66491724377938
2,5,13,12,41.66695118405485
2,6,13,12,41.39379176703579
2,7,13,12,40.18753500391602
2,8,13,12,41.902523768258185
2,9,13,12,40.351131018166036
2,10,13,12,40.75239880128522
2,11,13,12,40.12934466979261
2,12,13,12,40.59724394904569
2,13,13,12,41.59562825042156
2,14,13,12,40.966432190658566
2,15,13,12,41.27808942111278
2,16,13,12,41.06237744067166
2,17,13,12,41.737274608329045
2,18,13,12,40.34669951214314
2,19,13,12,40.570252136632725
2,20,13,12,41.04916232172584
2,21,13,12,41.34241733497952
2,22,13,12,41.65210210056219
2,23,13,12,41.22941936510523
2,24,13,12,40.73834214204808
2,25,13,12,40.63355527436247
2,26,13,12,40.75208373120463
2,27,13,12,40.89251559233864
2,28,13,12,41.9123475499869
2,29,13,12,41.70849008833758
2,30,13,12,41.448900218997906
2,31,13,12,40.54272402193923
2,32,13,12,40.53691039273885
2,33,13,12,40.524911278579395
2,34,13,12,40.875899369567605
2,35,13,12,41.14960243767832
2,36,13,12,40.83313651697248
2,37,13,12,41.26454058540697
2,38,13,12,41.0225153659482
2,39,13,12,41.31277156786741
2,40,13,12,40.57913126474511
2,41,13,12,40.53091604866937
2,42,13,12,40.402920411655444
2,43,13,12,41.1419191403336
2,44,13,12,40.11019022477325
2,45,13,12,40.94786077568069
2,46,13,12,40.61342513306693
2,47,13,12,40.742532781387496
2,48,13,12,41.18808886971387
2,49,13,12,40.99845043825445
2,50,13,12,41.112845291525346
2,51,13,12,40.539211655583564
2,52,13,12,40.50762237842788
2,53,13,12,40.37210438415724
2,54,13,12,42.94783083580922
2,55,13,12,40.79891196061101
2,56,13,12,41.7488947500174
2,57,13,12,41.49808524805542
2,58,13,12,39.51580730270429
2,59,13,12,40.90578698584794
2,60,13,12,41.94487834519785
2,61,13,12,40.860545763749485
2,62,13,12,40.186278116592
2,63,13,12,40.76709958571756
2,64,13,12,41.34097214574124
2,65,13,12,40.65291734549398
2,66,13,12,41.5985811395392
2,67,13,12,40.25067070389034
2,68,13,12,40.431328783623975
2,69,13,12,39.89398405623725
2,70,13,12,40.77177210674796
2,71,13,12,51.557721265942526
2,72,13,12,49.40797092514366
2,73,13,12,50.438025053167365
2,74,13,12,50.23573939319302
2,75,13,12,50.17812161612973
2,76,13,12,49.3454646944672
2,77,13,12,46.70042199750833
2,78,13,12,46.99406895817441
2,79,13,12,47.055415784126296
2,80,13,12,48.108832005244885
2,81,13,12,47.42119620602231
2,82,13,12,47.26802155536096
2,83,13,12,48.175130675762304
2,84,13,12,47.52877572024103
2,85,13,12,47.94185350639151
2,86,13,12,47.08746846829859
2,87,13,12,47.07099404867152
2,88,13,12,47.623445061169164
2,89,13,12,46.930173491423204
2,90,13,12,47.29136516526409
2,91,13,12,46.736210290705756
2,92,13,12,48.71304312312744
2,93,13,12,47.46001087799153
2,94,13,12,47.43043840432075
2,95,13,12,47.7420755575398
2,96,13,12,43.57362998847166
2,97,13,12,44.2892021010541
2,98,13,12,44.03704427283566
2,99,13,12,44.08532713792459
2,100,13,12,44.256336411166515
2,101,13,12,44.87724203150816
2,102,13,12,43.63956075260942
2,103,13,12,44.374987261615175
2,0,14,13,38.63030131186232
2,1,14,13,38.414473265252994
2,2,14,13,39.53529207768745
2,3,14,13,38.990138929093504
2,4,14,13,39.056183834010575
2,5,14,13,38.90842742860528
2,6,14,13,39.260717937338136
2,7,14,13,39.075606782898255
2,8,14,13,39.316946221249104
2,9,14,13,40.00312529078414
2,10,14,13,39.38627550197076
2,11,14,13,37.603422890298354
2,12,14,13,39.10458121472258
2,13,14,13,35.10583412650605
2,14,14,13,35.62875684998573
2,15,14,13,36.549431626655846
2,16,14,13,36.772577442535365
2,17,14,13,25.691534594027466
2,18,14,13,27.713336237017288
2,19,14,13,27.210069567672353
2,20,14,13,26.746628574310357
2,21,14,13,27.652287525089875
2,22,14,13,27.53053914138983
2,23,14,13,27.49503339197272
2,24,14,13,26.074760507520203
2,25,14,13,27.527200204643943
2,26,14,13,27.385343281965262
2,27,14,13,26.063781874647912
2,28,14,13,27.400083628813285
2,29,14,13,35.98416767564099
2,30,14,13,34.25309658530641
2,31,14,13,34.34907494866973
2,32,14,13,34.864340650068
2,33,14,13,34.45100205877672
2,34,14,13,35.437500150561775
2,35,14,13,34.08070071063014
2,36,14,13,34.889264311978856
2,37,14,13,34.21473777053177
2,38,14,13,35.37903374799755
2,39,14,13,33.75290747083779
2,40,14,13,34.23531680400655
2,41,14,13,33.95900320093755
2,42,14,13,33.96002825679667
2,43,14,13,35.32466872276664
2,44,14,13,32.84816555157954
2,45,14,13,35.03525980184057
2,46,14,13,35.42114347384913
2,47,14,13,34.587756326115475
2,48,14,13,34.62380953444825
2,49,14,13,34.271796207890276
2,50,14,13,35.42376902446766
2,51,14,13,34.13767482962293
2,52,14,13,33.28847515573458
2,53,14,13,35.10184526126789
2,54,14,13,32.987495393036525
2,55,14,13,34.49018495284504
2,56,14,13,32.602083460453606
2,57,14,13,33.04917465351358
2,58,14,13,32.838335529015666
2,59,14,13,35.707398455469175
2,60,14,13,35.012335446627006
2,61,14,13,36.423348989070966
2,62,14,13,33.26715916961843
2,63,14,13,33.827224164847465
2,64,14,13,33.14610657283246
2,65,14,13,34.81702718614957
2,66,14,13,33.58614811236906
2,67,14,13,33.03674608854084
2,68,14,13,32.32877856778492
2,69,14,13,29.280586373251857
2,70,14,13,29.03985107962712
2,71,14,13,29.72872274217628
2,72,14,13,29.334562363672195
2,73,14,13,30.703630366207843
2,74,14,13,28.527980244419474
2,75,14,13,31.45500836751015
2,76,14,13,27.769163658015835
2,77,14,13,30.519955885074452
2,78,14,13,29.251575720038954
2,79,14,13,28.44610162355532
2,80,14,13,29.85791757544466
2,81,14,13,28.875986566789965
2,82,14,13,29.656470538047756
2,83,14,13,28.608355250506953
2,84,14,13,29.624970946112448
2,85,14,13,29.150436404479684
2,86,14,13,29.17357114684952
2,87,14,13,28.065517938598244
2,88,14,13,29.07216499906354
2,89,14,13,31.267702125606764
2,90,14,13,29.447783789824175
2,91,14,13,27.67755689410255
2,92,14,13,31.340017843954413
2,93,14,13,30.61037173539192
2,94,14,13,30.178931682463958
2,95,14,13,29.740288414522002
2,96,14,13,31.09158257609791
2,97,14,13,30.942174988372354
2,98,14,13,30.357121247922265
2,99,14,13,31.390433144630823
2,100,14,13,29.588063033267606
2,101,14,13,30.26103386043137
2,102,14,13,29.6344836392024
2,103,14,13,29.438621167680786
3,0,12,11,8.29680811909915
3,1,12,11,8.484266745429807
3,2,12,11,8.699507612866226
3,3,12,11,8.626400861223093
3,4,12,11,8.303758215296309
3,5,12,11,8.12906884384512
3,6,12,11,8.09664323071308
3,7,12,11,8.305082350831103
3,8,12,11,8.771744039906165
3,9,12,11,8.754003793315373
3,10,12,11,8.311357031820563
3,11,12,11,6.119702125777212
3,12,12,11,5.9281503002116605
3,13,12,11,5.79177939349189
3,14,12,11,5.82088427344406
3,15,12,11,5.883836932082751
3,16,12,11,5.646465941461353
3,17,12,11,5.922888815623745
3,18,12,11,5.807296203841819
3,19,12,11,5.848965837116409
3,20,12,11,5.354109294258134
3,21,12,11,5.982620629252315
3,22,12,11,6.155617623005467
3,23,12,11,5.43367456592941
3,24,12,11,5.493731068245937
3,25,12,11,6.003435056215218
3,26,12,11,6.049612907665318
3,27,12,11,5.438668734320504
3,28,12,11,6.121101144851212
3,29,12,11,5.918643153176441
3,30,12,11,5.788339117312502
3,31,12,11,5.9155094234221135
3,32,12,11,6.352520401737546
3,33,12,11,8.65962773664691
3,34,12,11,8.980530470040053
3,35,12,11,8.428013510895536
3,36,12,11,8.593458982250452
3,37,12,11,8.819333819360047
3,38,12,11,9.235087848155477
3,39,12,11,9.150471596477281
3,40,12,11,8.998152952841686
3,41,12,11,9.19636007264296
3,42,12,11,9.116169088317399
3,43,12,11,8.825318144898127
3,44,12,11,8.751077127189088
3,45,12,11,9.077918467649457
3,46,12,11,9.519388012521405
3,47,12,11,8.756274182381544
3,48,12,11,8.724928729896165
3,49,12,11,8.541907108427477
3,50,12,11,8.62280270398513
3,51,12,11,8.442336829366443
3,52,12,11,7.844091808925423
3,53,12,11,8.627308210884918
3,54,12,11,9.292510764603197
3,55,12,11,8.754587930279893
3,56,12,11,8.12265354044509
3,57,12,11,9.219810415073034
3,58,12,11,8.956434793244686
3,59,12,11,8.596531286871471
3,60,12,11,8.870896075471373
3,61,12,11,8.541463303544841
3,62,12,11,8.96924602828134
3,63,12,11,8.617404006336434
3,64,12,11,9.023132258082152
3,65,12,11,8.191474388155495
3,66,12,11,9.351694138258384
3,67,12,11,8.692398424182217
3,68,12,11,9.151665501666558
3,69,12,11,8.911567627709502
3,70,12,11,9.027185264666333
3,71,12,11,6.118984931136964
3,72,12,11,6.754540322529316
3,73,12,11,6.369474854070009
3,74,12,11,6.44346535025197
3,75,12,11,6.251838237337011
3,76,12,11,6.441141059837339
3,77,12,11,7.027366128841674
3,78,12,11,6.3629007326957145
3,79,12,11,6.133875493155236
3,80,12,11,6.385032721682767
3,81,12,11,6.71723132479472
3,82,12,11,6.792755835064717
3,83,12,11,6.458517493522912
3,84,12,11,7.132068567243296
3,85,12,11,6.921492333556135
3,86,12,11,6.5680747528900945
3,87,12,11,6.4676183582865585
3,88,12,11,6.021037013729134
3,89,12,11,8.206319513251225
3,90,12,11,8.400142290495026
3,91,12,11,8.351081739659405
3,92,12,11,8.041650420358984
3,93,12,11,8.608309868990613
3,94,12,11,8.588380124710316
3,95,12,11,8.774335515212059
3,96,12,11,8.04631231655528
3,97,12,11,8.15729887549112
3,98,12,11,8.497300228551653
3,99,12,11,8.771712615556481
3,100,12,11,7.9821992213471775
3,101,12,11,9.071928037526707
3,102,12,11,8.551278534421103
3,103,12,11,9.311239681699774
3,0,13,12,45.60458019234558
3,1,13,12,45.90892047845038
3,2,13,12,46.279549858982236
3,3,13,12,46.339734742860166
3,4,13,12,46.30621095260408
3,5,13,12,45.45321760125459
3,6,13,12,46.003206868196756
3,7,13,12,45.66700395208971
3,8,13,12,46.901094699086364
3,9,13,12,47.252855010513024
3,10,13,12,45.70447710341602
3,11,13,12,47.84243407388208
3,12,13,12,47.717938642486935
3,13,13,12,46.68892490691541
3,14,13,12,45.9720781679251
3,15,13,12,47.18155776661843
3,16,13,12,46.37706819596083
3,17,13,12,46.516966239510595
3,18,13,12,45.08721959368623
3,19,13,12,45.89456010158396
3,20,13,12,46.63015755059777
3,21,13,12,46.83811057110854
3,22,13,12,47.647120604110484
3,23,13,12,46.42242906593339
3,24,13,12,47.2434629093746
3,25,13,12,47.21758265799984
3,26,13,12,45.92998665382301
3,27,13,12,47.47594076035092
3,28,13,12,46.48767036456403
3,29,13,12,46.94353782266654
3,30,13,12,46.70283484614877
3,31,13,12,45.89374921729541
3,32,13,12,47.398183947666084
3,33,13,12,46.73505459620146
3,34,13,12,46.67103900371268
3,35,13,12,45.15836246082155
3,36,13,12,46.60866760051536
3,37,13,12,46.506353432166314
3,38,13,12,46.039133489162914
3,39,13,12,47.45368448418773
3,40,13,12,46.40524842283722
3,41,13,12,46.24292977659662
3,42,13,12,46.67194419930635
3,43,13,12,46.10007593211739
3,44,13,12,46.57049993392964
3,45,13,12,48.47559737718466
3,46,13,12,47.55417070431066
3,47,13,12,47.24292808453285
3,48,13,12,45.799127544881195
3,49,13,12,47.74811708632444
3,50,13,12,47.00629306481189
3,51,13,12,46.89260586397776
3,52,13,12,46.961266185035846
3,53,13,12,47.24543816738515
3,54,13,12,47.590856617481734
3,55,13,12,48.39159750817582
3,56,13,12,47.21831920228061
3,57,13,12,46.99349847796948
3,58,13,12,46.81864189939913
3,59,13,12,45.47494676087634
3,60,13,12,47.00968514672538
3,61,13,12,46.89431660915891
3,62,13,12,46.29651686272588
3,63,13,12,47.357452420022135
3,64,13,12,46.20608712489006
3,65,13,12,45.01760647313333
3,66,13,12,46.50018732718141
3,67,13,12,46.86974047955987
3,68,13,12,46.74163061338214
3,69,13,12,46.10601690291214
3,70,13,12,45.202699049435694
3,71,13,12,46.9153722057952
3,72,13,12,46.78551121067434
3,73,13,12,41.357294663570826
3,74,13,12,41.23989250745
3,75,13,12,39.72402262276098
3,76,13,12,41.212925610222506
3,77,13,12,40.17860130098969
3,78,13,12,39.13805418904788
3,79,13,12,40.88042203521985
3,80,13,12,40.085801087977515
3,81,13,12,40.68299555849015
3,82,13,12,40.61117236074765
3,83,13,12,40.70919621669309
3,84,13,12,40.8341638870375
3,85,13,12,40.06086637410513
3,86,13,12,40.733503306693244
3,87,13,12,41.53819599196159
3,88,13,12,41.007988196436045
3,89,13,12,39.73083828721791
3,90,13,12,39.937245583572086
3,91,13,12,41.187004785870656
3,92,13,12,41.20323109474505
3,93,13,12,40.608515051234754
3,94,13,12,42.146363464712365
3,95,13,12,49.44178861134996
3,96,13,12,49.19451194097749
3,97,13,12,49.216672629739115
3,98,13,12,49.61833536908773
3,99,13,12,49.16246368383552
3,100,13,12,49.800898196238364
3,101,13,12,48.78965239360663
3,102,13,12,48.913228826670874
3,103,13,12,48.16214946100078
3,0,14,13,34.2137459842323
3,1,14,13,35.34195625857156
3,2,14,13,35.16727794622934
3,3,14,13,34.299676223506395
3,4,14,13,35.62014279710348
3,5,14,13,35.742358545142196
3,6,14,13,34.37468056735492
3,7,14,13,33.712462654412214
3,8,14,13,33.50957915000908
3,9,14,13,34.50455070070322
3,10,14,13,34.1720095604674
3,11,14,13,33.66167414690192
3,12,14,13,33.86631743933243
3,13,14,13,35.64450992968256
3,14,14,13,34.750602104937514
3,15,14,13,35.628747798187696
3,16,14,13,34.040234664394596
3,17,14,13,33.41866470584948
3,18,14,13,34.403186287452094
3,19,14,13,33.80718212242928
3,20,14,13,36.03449679134019
3,21,14,13,33.749026910644346
3,22,14,13,38.82840438890143
3,23,14,13,40.994003614129326
3,24,14,13,40.68484386925814
3,25,14,13,39.77701098838145
3,26,14,13,38.89232217052612
3,27,14,13,38.857142966025286
3,28,14,13,39.77769020275046
3,29,14,13,39.10252172244198
3,30,14,13,39.83599752492358
3,31,14,13,39.03069698789886
3,32,14,13,38.97673999053328
3,33,14,13,38.737406812203695
3,34,14,13,38.95210837338942
3,35,14,13,38.989055329766394
3,36,14,13,40.35319728570581
3,37,14,13,40.651066566585456
3,38,14,13,39.39084916079317
3,39,14,13,40.02633568337592
3,40,14,13,39.86361015248326
3,41,14,13,39.45460036187054
3,42,14,13,38.46724557804588
3,43,14,13,38.19649909532597
3,44,14,13,39.569727243564046
3,45,14,13,38.73140238583146
3,46,14,13,39.22078626655544
3,47,14,13,39.347441078435104
3,48,14,13,40.135101915283045
3,49,14,13,39.84748450570239
3,50,14,13,40.98842326594178
3,51,14,13,38.79856366604587
3,52,14,13,40.6309037684387
3,53,14,13,39.87988914477752
3,54,14,13,39.34249689105548
3,55,14,13,38.444255487592805
3,56,14,13,40.96146974532422
3,57,14,13,38.244222743644585
3,58,14,13,41.04948413706151
3,59,14,13,41.930337135691
3,60,14,13,38.756714682623134
3,61,14,13,40.02917922958109
3,62,14,13,38.209311064335274
3,63,14,13,39.98754624942508
3,64,14,13,40.3614776046767
3,65,14,13,40.845285646793734
3,66,14,13,40.074068645494165
3,67,14,13,38.57698097767569
3,68,14,13,39.032786577551434
3,69,14,13,38.99816874923688
3,70,14,13,40.297679025628916
3,71,14,13,40.62388957162569
3,72,14,13,39.17688489341093
3,73,14,13,39.766204342698614
3,74,14,13,40.42628586945776
3,75,14,13,39.724526571995895
3,76,14,13,39.69730246507535
3,77,14,13,39.83139960127241
3,78,14,13,38.656032778891124
3,79,14,13,39.76209091476081
3,80,14,13,39.031913359752686
3,81,14,13,39.26025873253078
3,82,14,13,38.619024524067015
3,83,14,13,40.643480533473856
3,84,14,13,38.76855573435405
3,85,14,13,41.096193360964065
3,86,14,13,38.37826669411513
3,87,14,13,37.823043070745186
3,88,14,13,38.70200206138886
3,89,14,13,37.4798220698049
3,90,14,13,39.224159082291116
3,91,14,13,31.401256818459093
3,92,14,13,32.417817902609784
3,93,14,13,32.78538949402749
3,94,14,13,31.71133177639229
3,95,14,13,30.762674747771868
3,96,14,13,32.08599384462139
3,97,14,13,31.255834102508857
3,98,14,13,29.99022769194241
3,99,14,13,32.90314781456022
3,100,14,13,32.43029726114261
3,101,14,13,32.0549707634077
3,102,14,13,34.405667174561756
3,103,14,13,34.853894319399515
4,0,12,11,7.1178732222892505
4,1,12,11,6.44476378417498
4,2,12,11,6.387795086505725
4,3,12,11,6.466589274923835
4,4,12,11,7.002896993831973
4,5,12,11,6.891733675874365
4,6,12,11,6.869098395325821
4,7,12,11,6.630324535809252
4,8,12,11,6.771122251101971
4,9,12,11,7.027143641477816
4,10,12,11,7.080908446092273
4,11,12,11,6.426529800940971
4,12,12,11,6.137101564562425
4,13,12,11,6.92449104749863
4,14,12,11,7.353568611480414
4,15,12,11,6.6742314756738095
4,16,12,11,6.56742193286834
4,17,12,11,6.073999085231643
4,18,12,11,5.949460512059704
4,19,12,11,7.214170512623982
4,20,12,11,6.674213746212369
4,21,12,11,6.3239508453495805
4,22,12,11,6.753190441261145
4,23,12,11,6.798631696749178
4,24,12,11,7.515748160896051
4,25,12,11,7.155263248747309
4,26,12,11,6.710749858738617
4,27,12,11,7.071528452169322
4,28,12,11,6.763944622949882
4,29,12,11,7.130638662939491
4,30,12,11,6.690296775097827
4,31,12,11,6.838033485896061
4,32,12,11,6.658105622926917
4,33,12,11,7.2443439367463744
4,34,12,11,6.7488109094065605
4,35,12,11,7.059194444985148
4,36,12,11,6.9387642423349725
4,37,12,11,6.510510773112451
4,38,12,11,6.868048206137296
4,39,12,11,7.528420681921267
4,40,12,11,6.543856834751296
4,41,12,11,6.760045246172059
4,42,12,11,6.407999382533834
4,43,12,11,7.3946757407630646
4,44,12,11,6.820635569890931
4,45,12,11,6.461591784558089
4,46,12,11,8.387679842416713
4,47,12,11,9.07659900073552
4,48,12,11,8.170890679752375
4,49,12,11,8.315299570837844
4,50,12,11,9.00180652843925
4,51,12,11,8.543709702984797
4,52,12,11,8.316372899238626
4,53,12,11,8.181533252164497
4,54,12,11,8.99996356623169
4,55,12,11,9.024464546573483
4,56,12,11,8.44774126246781
4,57,12,11,8.935613199555014
4,58,12,11,8.39598166813486
4,59,12,11,9.137612767108113
4,60,12,11,8.930528281960132
4,61,12,11,8.458900437216162
4,62,12,11,8.774408819035193
4,63,12,11,8.779045779205106
4,64,12,11,8.636213130187825
4,65,12,11,8.400692935581299
4,66,12,11,8.793902640031042
4,67,12,11,9.020845823191987
4,68,12,11,8.719348152951103
4,69,12,11,8.400838179862653
4,70,12,11,8.507513220217154
4,71,12,11,9.374341310290866
4,72,12,11,9.03661320585249
4,73,12,11,8.484578970006527
4,74,12,11,8.699651967134288
4,75,12,11,8.460542050949718
4,76,12,11,8.961114521595203
4,77,12,11,8.498692291066513
4,78,12,11,9.437661678060238
4,79,12,11,8.675084404995603
4,80,12,11,6.356381126980283
4,81,12,11,6.6498203648605445
4,82,12,11,6.696200973887172
4,83,12,11,8.0285147408648
4,84,12,11,5.105380348044121
4,85,12,11,5.345292392432129
4,86,12,11,5.285676259657562
4,87,12,11,5.514804432419167
4,88,12,11,5.531232669105521
4,89,12,11,6.760987430408414
4,90,12,11,6.566417171331704
4,91,12,11,7.001636135240795
4,92,12,11,6.631985981144321
4,93,12,11,6.882705223906134
4,94,12,11,7.412669464282811
4,95,12,11,6.989423381333894
4,96,12,11,7.4686116164331935
4,97,12,11,6.51314214201889
4,98,12,11,6.841469959078202
4,99,12,11,7.069315464533651
4,100,12,11,7.164599838519487
4,101,12,11,7.145567515491603
4,102,12,11,6.585244060416648
4,103,12,11,7.247093351971447
4,0,13,12,41.4334945282686
4,1,13,12,42.44708918716017
4,2,13,12,41.23471477838892
4,3,13,12,41.991804642326244
4,4,13,12,41.10195019830066
4,5,13,12,41.68389315555572
4,6,13,12,42.044373049935324
4,7,13,12,42.3270615894876
4,8,13,12,41.372538642926976
4,9,13,12,41.055165262385486
4,10,13,12,41.09691927228488
4,11,13,12,42.330253683312435
4,12,13,12,41.24342348614544
4,13,13,12,42.39847359764952
4,14,13,12,42.03856225532025
4,15,13,12,41.3691071955373
4,16,13,12,41.247817608180874
4,17,13,12,42.471723876268776
4,18,13,12,42.05085026508183
4,19,13,12,41.601157687856364
4,20,13,12,42.14764091568505
4,21,13,12,40.944804810497956
4,22,13,12,41.38977500098431
4,23,13,12,41.263847715965156
4,24,13,12,42.325873621545824
4,25,13,12,40.81280709334921
4,26,13,12,41.901551076573476
4,27,13,12,42.73577869034857
4,28,13,12,42.54488709576464
4,29,13,12,40.32118837101624
4,30,13,12,40.40378057471993
4,31,13,12,42.39455711663749
4,32,13,12,41.61620643324577
4,33,13,12,41.2143365469568
4,34,13,12,42.12369730226833
4,35,13,12,42.02518182652709
4,36,13,12,40.417589887630356
4,37,13,12,40.91011890946529
4,38,13,12,42.70769137425267
4,39,13,12,41.76958333313461
4,40,13,12,42.82590499046125
4,41,13,12,41.508701434611
4,42,13,12,40.79970080429797
4,43,13,12,47.179953807325155
4,44,13,12,47.42013838069698
4,45,13,12,46.85616285592666
4,46,13,12,46.691279581379895
4,47,13,12,47.66019559254621
4,48,13,12,48.01426212882707
4,49,13,12,45.89258197839172
4,50,13,12,47.56381367272714
4,51,13,12,46.73230973002928
4,52,13,12,48.35536603555688
4,53,13,12,47.029866725784885
4,54,13,12,46.886852409033835
4,55,13,12,47.040300406405436
4,56,13,12,46.846345643927926
4,57,13,12,47.033631152048706
4,58,13,12,47.57230709485498
4,59,13,12,47.60991309050052
4,60,13,12,47.84956171556908
4,61,13,12,44.13051804057357
4,62,13,12,43.717443669154534
4,63,13,12,42.54151660413298
4,64,13,12,45.01666356568602
4,65,13,12,43.84672439853495
4,66,13,12,44.43013146703616
4,67,13,12,43.48020117518018
4,68,13,12,43.5986086341741
4,69,13,12,42.97700958536007
4,70,13,12,43.80504366788541
4,71,13,12,43.81734103408406
4,72,13,12,45.450590096667284
4,73,13,12,45.92501865258483
4,74,13,12,46.59851872263361
4,75,13,12,45.48548311773436
4,76,13,12,45.43704628911036
4,77,13,12,43.43079409112997
4,78,13,12,43.31387171758147
4,79,13,12,43.31282712715623
4,80,13,12,43.99303021228245
4,81,13,12,44.048954057666656
4,82,13,12,43.665217205229105
4,83,13,12,44.501745215829104
4,84,13,12,44.322943600457805
4,85,13,12,43.36342513368252
4,86,13,12,43.710433687555906
4,87,13,12,43.6573533113135
4,88,13,12,42.80941181306881
4,89,13,12,43.40606976836929
4,90,13,12,42.89146750272128
4,91,13,12,44.29175478759826
4,92,13,12,43.89733038435924
4,93,13,12,42.955885387368035
4,94,13,12,44.80739497559918
4,95,13,12,43.3030809768156
4,96,13,12,43.61994792791988
4,97,13,12,43.88072392568312
4,98,13,12,44.722836480407175
4,99,13,12,44.25763274944508
4,100,13,12,43.33288967474422
4,101,13,12,43.514664574259534
4,102,13,12,44.536240094367365
4,103,13,12,44.440567488686746
4,0,14,13,30.233882627179227
4,1,14,13,30.15323704230022
4,2,14,13,30.46166811604248
4,3,14,13,31.454278800323237
4,4,14,13,30.090525258009254
4,5,14,13,30.14522245174805
4,6,14,13,32.665036099214056
4,7,14,13,31.72084872517547
4,8,14,13,29.35807051085774
4,9,14,13,31.411495035247928
4,10,14,13,31.365633569685386
4,11,14,13,31.27482783277825
4,12,14,13,31.930337615023642
4,13,14,13,31.320666891121693
4,14,14,13,29.783320039683158
4,15,14,13,30.613692161639346
4,16,14,13,31.80567409125583
4,17,14,13,31.359878938245284
4,18,14,13,30.922775109767326
4,19,14,13,30.788010288870336
4,20,14,13,31.81706634955866
4,21,14,13,31.896652026792683
4,22,14,13,32.27262752172672
4,23,14,13,32.06831307398158
4,24,14,13,31.661985340845586
4,25,14,13,32.750897474269514
4,26,14,13,32.08968719086466
4,27,14,13,30.44627132617643
4,28,14,13,31.165495099544202
4,29,14,13,30.37172465113597
4,30,14,13,32.74274431964559
4,31,14,13,31.892482620022367
4,32,14,13,32.07587191358219
4,33,14,13,32.04285677448643
4,34,14,13,27.27425532643151
4,35,14,13,30.373911728941437
4,36,14,13,29.876411119456964
4,37,14,13,29.1884323967255
4,38,14,13,27.812618092758264
4,39,14,13,29.21075179659583
4,40,14,13,29.7010367010886
4,41,14,13,29.273047562378707
4,42,14,13,28.999754572453316
4,43,14,13,26.7892933219278
4,44,14,13,28.33509275028035
4,45,14,13,28.241265719634427
4,46,14,13,28.79186307087025
4,47,14,13,29.061608335475235
4,48,14,13,29.401673980063798
4,49,14,13,28.04615629366454
4,50,14,13,29.204544585493363
4,51,14,13,28.484085716877466
4,52,14,13,27.25625543962003
4,53,14,13,28.36263205102746
4,54,14,13,28.427197623505478
4,55,14,13,27.448950237693232
4,56,14,13,26.69925246480525
4,57,14,13,26.749216269509912
4,58,14,13,29.16342835167028
4,59,14,13,27.458259705858627
4,60,14,13,27.928931042621716
4,61,14,13,27.64796688878713
4,62,14,13,28.872289406397293
4,63,14,13,29.100432622298413
4,64,14,13,28.17254232161336
4,65,14,13,29.781354335339632
4,66,14,13,29.179268003426696
4,67,14,13,27.812373427032636
4,68,14,13,28.498760743614852
4,69,14,13,30.90866445901183
4,70,14,13,29.372607036102327
4,71,14,13,28.279410780632247
4,72,14,13,27.219480875915693
4,73,14,13,28.616485550432692
4,74,14,13,28.992093307198445
4,75,14,13,27.582727177518784
4,76,14,13,27.574831500701976
4,77,14,13,27.70980886530712
4,78,14,13,28.375667134860734
4,79,14,13,28.750354658852803
4,80,14,13,28.908162418583103
4,81,14,13,27.515037939637143
4,82,14,13,27.997748912665163
4,83,14,13,29.347251819796305
4,84,14,13,27.25155518545811
4,85,14,13,28.567600927137722
4,86,14,13,27.937063355699504
4,87,14,13,30.135064885388
4,88,14,13,29.377790351854475
4,89,14,13,35.59693587613042
4,90,14,13,34.11078467531288
4,91,14,13,36.04051736766853
4,92,14,13,33.3743575601609
4,93,14,13,34.00759573940418
4,94,14,13,34.22742930747016
4,95,14,13,33.841072348328204
4,96,14,13,33.98698964412636
4,97,14,13,33.15585980076679
4,98,14,13,33.429291817026424
4,99,14,13,32.03666586246062
4,100,14,13,32.52678509073586
4,101,14,13,34.30679581194756
4,102,14,13,34.188908066695724
4,103,14,13,34.05865928279496
5,0,12,11,9.125806855755966
5,1,12,11,9.090269937066308
5,2,12,11,8.986955914542106
5,3,12,11,9.817200566520315
5,4,12,11,9.129438435883793
5,5,12,11,9.423554577713784
5,6,12,11,8.880077180514132
5,7,12,11,9.300381083895797
5,8,12,11,9.559648983238702
5,9,12,11,9.125418902981574
5,10,12,11,9.368266814965477
5,11,12,11,8.741824316283703
5,12,12,11,8.673910093968649
5,13,12,11,9.25161490561334
5,14,12,11,9.175803330443115
5,15,12,11,8.852876098014049
5,16,12,11,8.677579755803315
5,17,12,11,8.813516842280343
5,18,12,11,9.09633603160179
5,19,12,11,9.09914250299588
5,20,12,11,9.295524347279049
5,21,12,11,9.63282313016592
5,22,12,11,8.943509307723588
5,23,12,11,9.136891832841725
5,24,12,11,9.427858603913931
5,25,12,11,9.148546164840662
5,26,12,11,9.411318603117232
5,27,12,11,8.76128980414178
5,28,12,11,8.888017622239879
5,29,12,11,9.038650822123003
5,30,12,11,8.794668294063657
5,31,12,11,8.49964559273341
5,32,12,11,8.898151935735678
5,33,12,11,8.47675917479757
5,34,12,11,8.979819902561609
5,35,12,11,8.564071350138615
5,36,12,11,9.010214170574148
5,37,12,11,9.674930824371506
5,38,12,11,8.748047977266367
5,39,12,11,5.194113828877991
5,40,12,11,5.669727056338495
5,41,12,11,5.213151620703004
5,42,12,11,5.746074156990778
5,43,12,11,5.100993291378308
5,44,12,11,4.843169463112706
5,45,12,11,4.800749604163005
5,46,12,11,5.52059438899982
5,47,12,11,4.659342001667421
5,48,12,11,5.189821178376817
5,49,12,11,4.692766569511782
5,50,12,11,5.137727710317825
5,51,12,11,5.063080533018791
5,52,12,11,4.932193204689362
5,53,12,11,5.560510648752508
5,54,12,11,4.841250779664877
5,55,12,11,5.156053900415029
5,56,12,11,5.034956601155494
5,57,12,11,5.682415241060004
5,58,12,11,5.23525161598628
5,59,12,11,5.029993512344807
5,60,12,11,5.187501030172695
5,61,12,11,4.997599386562613
5,62,12,11,5.035050555280265
5,63,12,11,4.840970540572468
5,64,12,11,9.539295066407407
5,65,12,11,9.777410374011145
5,66,12,11,9.930652217513149
5,67,12,11,9.64212740049962
5,68,12,11,9.905850121502263
5,69,12,11,9.321630170769014
5,70,12,11,10.155555056378807
5,71,12,11,9.005120527201477
5,72,12,11,9.934079742480181
5,73,12,11,9.364719029387587
5,74,12,11,9.82380217621566
5,75,12,11,10.122664284121512
5,76,12,11,9.753341460556342
5,77,12,11,9.958412500279202
5,78,12,11,9.562787849948869
5,79,12,11,9.847643141092792
5,80,12,11,9.24325875387749
5,81,12,11,9.903893155230698
5,82,12,11,8.978762240026747
5,83,12,11,10.029090673568023
5,84,12,11,9.750138016638099
5,85,12,11,9.153485895628881
5,86,12,11,9.442403389298816
5,87,12,11,8.653459942684119
5,88,12,11,9.036893700779649
5,89,12,11,9.004017305869064
5,90,12,11,9.309471996724426
5,91,12,11,9.069443043028013
5,92,12,11,8.504213992106846
5,93,12,11,9.064319290619515
5,94,12,11,8.710143515657233
5,95,12,11,8.493844677372842
5,96,12,11,8.393926116502396
5,97,12,11,8.558101743741748
5,98,12,11,8.17544384785688
5,99,12,11,9.09284033435778
5,100,12,11,8.584484287480493
5,101,12,11,7.931447421766397
5,102,12,11,7.823511328587284
5,103,12,11,7.44438337307774
5,0,13,12,41.52972035908698
5,1,13,12,41.745440227490846
5,2,13,12,41.9221562583357
5,3,13,12,41.97430910148175
5,4,13,12,40.54957790380473
5,5,13,12,41.56783971415453
5,6,13,12,41.235676577810885
5,7,13,12,39.69649043728368
5,8,13,12,40.899892268269156
5,9,13,12,40.72764964934123
5,10,13,12,40.890625100906554
5,11,13,12,40.02481083202313
5,12,13,12,44.89905355343272
5,13,13,12,44.0731826562271
5,14,13,12,43.99706236240461
5,15,13,12,45.16906838180211
5,16,13,12,44.002447032962515
5,17,13,12,44.90017256249587
5,18,13,12,45.313448119605106
5,19,13,12,44.50777930746212
5,20,13,12,44.238206538508635
5,21,13,12,43.888394549043525
5,22,13,12,43.47097288495497
5,23,13,12,44.42720220022391
5,24,13,12,44.39390037565307
5,25,13,12,44.744297494095605
5,26,13,12,45.03709651438043
5,27,13,12,42.266984343330115
5,28,13,12,41.70521065691914
5,29,13,12,42.58614154534852
5,30,13,12,40.76377664349598
5,31,13,12,42.579039716547825
5,32,13,12,41.67277728956695
5,33,13,12,42.3961366372591
5,34,13,12,42.50253573728973
5,35,13,12,42.36146848372234
5,36,13,12,41.89878153681923
5,37,13,12,40.84674091919117
5,38,13,12,42.81333395813204
5,39,13,12,42.07644182080411
5,40,13,12,41.37665421364965
5,41,13,12,41.67751219533334
5,42,13,12,42.22464948123382
5,43,13,12,41.72780043921628
5,44,13,12,41.55163313911798
5,45,13,12,40.134613330043926
5,46,13,12,42.34825120038862
5,47,13,12,41.65961362441359
5,48,13,12,41.67280755030355
5,49,13,12,42.34576857478878
5,50,13,12,42.48593120040102
5,51,13,12,41.038521358692584
5,52,13,12,41.91141887125682
5,53,13,12,41.93166493226198
5,54,13,12,42.701897898643985
5,55,13,12,43.05360254650057
5,56,13,12,41.9938981575074
5,57,13,12,42.626867432773366
5,58,13,12,41.98509123977005
5,59,13,12,42.35227391280431
5,60,13,12,41.20676921367354
5,61,13,12,41.27817357877652
5,62,13,12,42.04394168153054
5,63,13,12,43.512641007767996
5,64,13,12,43.780850252043464
5,65,13,12,43.12394946378757
5,66,13,12,42.21546412484729
5,67,13,12,43.17147625914514
5,68,13,12,43.88130806510081
5,69,13,12,44.80725388268268
5,70,13,12,44.61555112553654
5,71,13,12,43.83990735754996
5,72,13,12,43.63790399918925
5,73,13,12,43.339535956527115
5,74,13,12,44.83872334797198
5,75,13,12,43.71129305238171
5,76,13,12,44.54954787043556
5,77,13,12,44.15002198532941
5,78,13,12,44.05284265783674
5,79,13,12,44.65241891528897
5,80,13,12,43.63888850811917
5,81,13,12,43.01159923690075
5,82,13,12,43.29021955038351
5,83,13,12,44.125307888991095
5,84,13,12,42.83442742670025
5,85,13,12,49.44817997254915
5,86,13,12,47.23891737430643
5,87,13,12,50.40885107902345
5,88,13,12,48.552312259206985
5,89,13,12,48.19188584335028
5,90,13,12,48.44985659862798
5,91,13,12,48.78586537037626
5,92,13,12,49.02524885221933
5,93,13,12,49.4196189207106
5,94,13,12,47.200609180201766
5,95,13,12,48.440475106639525
5,96,13,12,48.86524950096154
5,97,13,12,47.266423652236575
5,98,13,12,49.62008415712059
5,99,13,12,49.448511796071486
5,100,13,12,48.6511526488136
5,101,13,12,50.28391168452416
5,102,13,12,48.98943150508669
5,103,13,12,49.38962636323928
5,0,14,13,34.131997197699505
5,1,14,13,35.30821951555125
5,2,14,13,34.18110812152066
5,3,14,13,33.49108105607208
5,4,14,13,33.000045662107325
5,5,14,13,34.53644084057751
5,6,14,13,33.29788429052504
5,7,14,13,32.09252557202655
5,8,14,13,32.162120142243936
5,9,14,13,32.51836063275234
5,10,14,13,32.48808610836273
5,11,14,13,31.785644293304617
5,12,14,13,32.23313608597304
5,13,14,13,31.5325974910862
5,14,14,13,32.296362886071975
5,15,14,13,33.312825063933815
5,16,14,13,33.36459814886652
5,17,14,13,32.71802396015845
5,18,14,13,34.44282922096911
5,19,14,13,32.51536813100608
5,20,14,13,31.790015376105274
5,21,14,13,33.534985244877355
5,22,14,13,33.882699442910194
5,23,14,13,33.44098136967037
5,24,14,13,32.86710925009418
5,25,14,13,32.711827777190884
5,26,14,13,33.57463758916079
5,27,14,13,30.43561885978919
5,28,14,13,33.82747619574551
5,29,14,13,33.924935551923795
5,30,14,13,32.70228645736036
5,31,14,13,34.264779823317696
5,32,14,13,33.34491148042957
5,33,14,13,34.626881917637576
5,34,14,13,32.28461594050217
5,35,14,13,31.969083305482027
5,36,14,13,32.31356929952797
5,37,14,13,33.617235086882516
5,38,14,13,32.15346762978081
5,39,14,13,32.41113538562417
5,40,14,13,33.69725996941494
5,41,14,13,32.59877722052916
5,42,14,13,31.582933850904805
5,43,14,13,31.720746643629813
5,44,14,13,32.75257788725568
5,45,14,13,33.079506646115156
5,46,14,13,34.75160405907665
5,47,14,13,32.7044068177692
5,48,14,13,34.71636426294863
5,49,14,13,34.55428210321253
5,50,14,13,33.39053191770326
5,51,14,13,33.579704962708604
5,52,14,13,32.14177483332664
5,53,14,13,32.959639619464134
5,54,14,13,32.85214774110674
5,55,14,13,33.25659370498905
5,56,14,13,32.024432812242125
5,57,14,13,33.226172970798075
5,58,14,13,33.79468838563792
5,59,14,13,33.14413069081318
5,60,14,13,34.66236950262314
5,61,14,13,32.604924845184286
5,62,14,13,33.79881880490998
5,63,14,13,31.56899829704865
5,64,14,13,32.6108586287872
5,65,14,13,32.65622701529028
5,66,14,13,32.257378613023334
5,67,14,13,32.20065864762584
5,68,14,13,32.61506908747459
5,69,14,13,33.05290160540509
5,70,14,13,33.227872619044525
5,71,14,13,32.20656971784753
5,72,14,13,33.00937179212205
5,73,14,13,31.422133981569093
5,74,14,13,32.3827106798976
5,75,14,13,33.899099355434764
5,76,14,13,32.27770906186029
5,77,14,13,33.142120510503126
5,78,14,13,33.801886667154974
5,79,14,13,33.669403571605685
5,80,14,13,33.56412871810641
5,81,14,13,34.277996891904635
5,82,14,13,34.34179235846275
5,83,14,13,32.54513424957975
5,84,14,13,30.62502315145138
5,85,14,13,31.37690759240216
5,86,14,13,31.936963207341403
5,87,14,13,33.38768609353778
5,88,14,13,31.98873179072064
5,89,14,13,31.955289492055392
5,90,14,13,32.284817643227804
5,91,14,13,32.87431810634416
5,92,14,13,33.29542498101096
5,93,14,13,30.2808109451831
5,94,14,13,30.491330693216234
5,95,14,13,33.027039471675906
5,96,14,13,32.12291092888569
5,97,14,13,26.168781082296384
5,98,14,13,26.96053213945528
5,99,14,13,25.792783853478692
5,100,14,13,25.47532290000892
5,101,14,13,24.516114742101035
5,102,14,13,25.228426974877596
5,103,14,13,25.94904713105838
6,0,12,11,7.517168059862656
6,1,12,11,7.993017483144765
6,2,12,11,8.019873917484846
6,3,12,11,6.965605850235643
6,4,12,11,8.018658906086554
6,5,12,11,7.935804689787317
6,6,12,11,7.718344032154152
6,7,12,11,7.745653700962685
6,8,12,11,7.784027464246789
6,9,12,11,7.8051309452499895
6,10,12,11,7.363972699275262
6,11,12,11,7.511444338320223
6,12,12,11,7.861695053604093
6,13,12,11,7.24195256891709
6,14,12,11,7.467235941421054
6,15,12,11,7.770574295223368
6,16,12,11,7.96266604028682
6,17,12,11,7.816973828674257
6,18,12,11,8.197468185100085
6,19,12,11,7.622951444568308
6,20,12,11,7.476862651504836
6,21,12,11,7.850447142799887
6,22,12,11,7.509088151822959
6,23,12,11,7.926314821138089
6,24,12,11,7.899079008411229
6,25,12,11,7.644645419407452
6,26,12,11,7.798038909861865
6,27,12,11,8.327342306311282
6,28,12,11,7.453605151608207
6,29,12,11,7.612459064361364
6,30,12,11,7.394220367717212
6,31,12,11,7.561191912277201
6,32,12,11,7.518232601231927
6,33,12,11,7.690102232967208
6,34,12,11,7.678757200670317
6,35,12,11,7.47512312437352
6,36,12,11,7.680248924538111
6,37,12,11,8.203863869006724
6,38,12,11,8.220058590748497
6,39,12,11,7.750441416948269
6,40,12,11,7.928591787640886
6,41,12,11,8.476948852089919
6,42,12,11,7.886947599341453
6,43,12,11,7.785321167606495
6,44,12,11,7.638360159420813
6,45,12,11,7.524184751639589
6,46,12,11,7.666635554483247
6,47,12,11,7.4518145309505
6,48,12,11,7.460908723752538
6,49,12,11,8.13094557089603
6,50,12,11,7.866946925548618
6,51,12,11,8.427869981169483
6,52,12,11,8.199300654846041
6,53,12,11,7.892129965710264
6,54,12,11,7.932501874737628
6,55,12,11,7.656245503348122
6,56,12,11,7.94379374200687
6,57,12,11,7.419200758690654
6,58,12,11,8.734005735342825
6,59,12,11,8.817368336872203
6,60,12,11,8.996519433556095
6,61,12,11,8.686223204050814
6,62,12,11,8.670758598086001
6,63,12,11,8.750135152008955
6,64,12,11,8.648810006991647
6,65,12,11,8.516260803405526
6,66,12,11,8.404275046658164
6,67,12,11,9.212567859791374
6,68,12,11,8.449999491145118
6,69,12,11,8.54818549315552
6,70,12,11,8.413663382702161
6,71,12,11,8.523218530142495
6,72,12,11,8.34575591969321
6,73,12,11,9.280676421453114
6,74,12,11,8.663600266551814
6,75,12,11,8.581642290988755
6,76,12,11,4.693879819656206
6,77,12,11,4.967590132367323
6,78,12,11,4.856412445881693
6,79,12,11,5.12849161354278
6,80,12,11,4.762452818762174
6,81,12,11,5.262451898493906
6,82,12,11,4.9881227078036074
6,83,12,11,5.124292243511582
6,84,12,11,5.273904536448149
6,85,12,11,5.232054225999098
6,86,12,11,7.492756142972934
6,87,12,11,8.049455414061331
6,88,12,11,7.477081708419437
6,89,12,11,7.466959991909345
6,90,12,11,7.425288491055593
6,91,12,11,7.294300729562291
6,92,12,11,7.894166684890234
6,93,12,11,6.148992158853799
6,94,12,11,6.765701183251846
6,95,12,11,7.057923642713425
6,96,12,11,6.489236874252344
6,97,12,11,6.665907083262519
6,98,12,11,6.879970431600578
6,99,12,11,6.233589300480401
6,100,12,11,5.923033220814118
6,101,12,11,6.533409885437075
6,102,12,11,6.505258163776784
6,103,12,11,5.888433674327061
6,0,13,12,45.8513590563471
6,1,13,12,44.5631324758881
6,2,13,12,45.65174119027722
6,3,13,12,44.874938384146205
6,4,13,12,44.722121733082496
6,5,13,12,44.94231263600991
6,6,13,12,43.18336704632754
6,7,13,12,43.428106773788414
6,8,13,12,43.87355339248533
6,9,13,12,44.01261700199247
6,10,13,12,43.97640927564362
6,11,13,12,41.72594495128608
6,12,13,12,41.275027696030875
6,13,13,12,41.22034584189364
6,14,13,12,41.21492586661063
6,15,13,12,42.655226855972536
6,16,13,12,41.88021110629558
6,17,13,12,42.397238582248384
6,18,13,12,40.721997789875864
6,19,13,12,42.303655569517325
6,20,13,12,40.954276380371475
6,21,13,12,40.760186321977415
6,22,13,12,41.73138861065373
6,23,13,12,43.8100583875504
6,24,13,12,41.12497683174993
6,25,13,12,40.994630613899695
6,26,13,12,41.66393278468693
6,27,13,12,41.741807319771695
6,28,13,12,42.171411034353696
6,29,13,12,41.98225580223425
6,30,13,12,41.14829424135574
6,31,13,12,41.23419442089359
6,32,13,12,43.1157400618577
6,33,13,12,40.53254624812221
6,34,13,12,42.319857867791015
6,35,13,12,42.53304810935651
6,36,13,12,40.83312350692875
6,37,13,12,42.882822281398866
6,38,13,12,41.100333630358186
6,39,13,12,42.34258911612355
6,40,13,12,42.338603594382285
6,41,13,12,41.555852252932226
6,42,13,12,41.227879147064336
6,43,13,12,42.367314824254635
6,44,13,12,41.578860278248044
6,45,13,12,42.573643673587355
6,46,13,12,41.27166655012634
6,47,13,12,41.21295375037951
6,48,13,12,41.019525616555136
6,49,13,12,48.74564735507338
6,50,13,12,48.80124689913597
6,51,13,12,48.50189240011869
6,52,13,12,50.18443028768063
6,53,13,12,48.91321373175184
6,54,13,12,49.40246704876109
6,55,13,12,47.7147196081962
6,56,13,12,49.0761261296921
6,57,13,12,49.82532354120943
6,58,13,12,50.00627385621877
6,59,13,12,49.12283206398609
6,60,13,12,44.25845467628418
6,61,13,12,44.14344878614382
6,62,13,12,43.85422885720073
6,63,13,12,42.85873432324193
6,64,13,12,42.63088898027723
6,65,13,12,44.67729778195613
6,66,13,12,43.66887658127334
6,67,13,12,43.918542056380794
6,68,13,12,44.62659085630275
6,69,13,12,43.880724623486756
6,70,13,12,43.900357343379724
6,71,13,12,43.015953731656055
6,72,13,12,43.55531800161515
6,73,13,12,43.6715991473721
6,74,13,12,44.621165860526666
6,75,13,12,43.71557673953332
6,76,13,12,43.570112410890914
6,77,13,12,44.53544702055754
6,78,13,12,42.60181899703922
6,79,13,12,44.06450784905994
6,80,13,12,44.01434972107436
6,81,13,12,44.61874842743971
6,82,13,12,44.607648505144994
6,83,13,12,42.930137658142314
6,84,13,12,43.54476074789545
6,85,13,12,43.30732618531507
6,86,13,12,43.47545308274809
6,87,13,12,44.20344133738187
6,88,13,12,43.67854683644833
6,89,13,12,43.32112793719792
6,90,13,12,43.4141135693907
6,91,13,12,43.27296660218593
6,92,13,12,43.92559666796295
6,93,13,12,42.71365869230675
6,94,13,12,42.52259575242221
6,95,13,12,44.15232704713404
6,96,13,12,43.82451591845895
6,97,13,12,44.53695978003013
6,98,13,12,43.27944946493553
6,99,13,12,44.55703742087398
6,100,13,12,43.026302175980064
6,101,13,12,43.44418415057389
6,102,13,12,43.96949290008359
6,103,13,12,43.893505602501286
6,0,14,13,38.15914446371118
6,1,14,13,38.50087553208301
6,2,14,13,38.14728154880399
6,3,14,13,37.649587441481565
6,4,14,13,34.95669795464694
6,5,14,13,35.512481568299535
6,6,14,13,33.28968986362452
6,7,14,13,31.73288775180545
6,8,14,13,34.793385326753246
6,9,14,13,33.879792447112564
6,10,14,13,34.70566337960798
6,11,14,13,32.82816268507249
6,12,14,13,33.11491874049101
6,13,14,13,36.08898552071912
6,14,14,13,34.61650699683013
6,15,14,13,36.73062995501299
6,16,14,13,35.5778755939609
6,17,14,13,36.321252980154256
6,18,14,13,37.99330650181973
6,19,14,13,35.54756391435862
6,20,14,13,34.41935200281516
6,21,14,13,36.87313315996163
6,22,14,13,36.53818301491116
6,23,14,13,37.28833822125549
6,24,14,13,36.044555222094274
6,25,14,13,35.89388602555508
6,26,14,13,35.68544818523172
6,27,14,13,36.011267416388165
6,28,14,13,36.719634663476754
6,29,14,13,35.57060938082798
6,30,14,13,35.967767343839064
6,31,14,13,35.441359983031084
6,32,14,13,36.48251047991603
6,33,14,13,34.97611116052285
6,34,14,13,34.04578509771595
6,35,14,13,37.05690461922537
6,36,14,13,35.93897094596699
6,37,14,13,35.01019200490319
6,38,14,13,36.93048355087334
6,39,14,13,35.44351837845881
6,40,14,13,35.274955912561545
6,41,14,13,34.026348158348455
6,42,14,13,35.20055910429038
6,43,14,13,36.11561975624186
6,44,14,13,35.15283856994143
6,45,14,13,35.82854814418151
6,46,14,13,37.4465838073364
6,47,14,13,36.52788316267855
6,48,14,13,36.246646175296284
6,49,14,13,35.481385774419316
6,50,14,13,33.59017631581636
6,51,14,13,34.52271955947288
6,52,14,13,37.149816418370285
6,53,14,13,35.65374496762959
6,54,14,13,34.4047613751384
6,55,14,13,36.578684713526826
6,56,14,13,36.55455613655233
6,57,14,13,36.276213622458485
6,58,14,13,34.93387093754003
6,59,14,13,35.05523815734289
6,60,14,13,35.26687936781342
6,61,14,13,25.479599907160132
6,62,14,13,27.149181228461316
6,63,14,13,24.573009984994034
6,64,14,13,26.369237582343374
6,65,14,13,25.657319460822492
6,66,14,13,26.652437635852586
6,67,14,13,30.256604438878718
6,68,14,13,30.92343653087783
6,69,14,13,31.08557888863397
6,70,14,13,30.322526454588182
6,71,14,13,29.999860637652773
6,72,14,13,30.402696412509666
6,73,14,13,29.779657387119723
6,74,14,13,30.901520803153872
6,75,14,13,29.960782575933223
6,76,14,13,29.707855634112327
6,77,14,13,29.524369075165627
6,78,14,13,32.525540227155744
6,79,14,13,31.87534091133982
6,80,14,13,30.973813200896846
6,81,14,13,29.152135425707957
6,82,14,13,30.446754063272436
6,83,14,13,31.142499549551438
6,84,14,13,32.3787518782926
6,85,14,13,29.311036173645245
6,86,14,13,30.319773800900535
6,87,14,13,30.240171441909528
6,88,14,13,30.876122577873037
6,89,14,13,28.959072966307875
6,90,14,13,28.3164632182213
6,91,14,13,29.38119620229403
6,92,14,13,27.078716959383147
6,93,14,13,30.257275538827308
6,94,14,13,29.105327191747847
6,95,14,13,34.87867798781732
6,96,14,13,37.74145534107554
6,97,14,13,36.85049090387536
6,98,14,13,35.76393371892758
6,99,14,13,34.98390985850974
6,100,14,13,34.745407288370046
6,101,14,13,36.63268029614566
6,102,14,13,36.75765687697861
6,103,14,13,36.940987045030575
