epoch,path_id,path_flow,gradients,link_seq
1,0,0.605671134496195,-25.454645333909937,"[1, 2, 3, 4, 5, 6]"
2,0,0.6156640805283607,-25.18597999077373,"[1, 2, 3, 4, 5, 6]"
3,0,0.6256465216142733,-24.818783504416388,"[1, 2, 3, 4, 5, 6]"
4,0,0.635615414884462,-24.449124147349693,"[1, 2, 3, 4, 5, 6]"
5,0,0.6455720055557085,-24.290394284574674,"[1, 2, 3, 4, 5, 6]"
6,0,0.6555123869389937,-23.94256975888584,"[1, 2, 3, 4, 5, 6]"
7,0,0.6654312459866877,-23.509726360050124,"[1, 2, 3, 4, 5, 6]"
8,0,0.675327972224614,-23.25063382785818,"[1, 2, 3, 4, 5, 6]"
9,0,0.6852016309102532,-22.99730400550908,"[1, 2, 3, 4, 5, 6]"
10,0,0.6950535601290911,-22.848421693674354,"[1, 2, 3, 4, 5, 6]"
11,0,0.7048746379321336,-22.31329426682889,"[1, 2, 3, 4, 5, 6]"
12,0,0.7146613740341724,-21.949432024116533,"[1, 2, 3, 4, 5, 6]"
13,0,0.7244192261827193,-21.911569343736986,"[1, 2, 3, 4, 5, 6]"
14,0,0.7341410841252015,-21.460933678721837,"[1, 2, 3, 4, 5, 6]"
15,0,0.7438220466032927,-21.064329634637673,"[1, 2, 3, 4, 5, 6]"
16,0,0.7534595798127482,-20.73785229589606,"[1, 2, 3, 4, 5, 6]"
17,0,0.7630495078502229,-20.356217484965953,"[1, 2, 3, 4, 5, 6]"
18,0,0.7725960185795426,-20.242172881038954,"[1, 2, 3, 4, 5, 6]"
19,0,0.782101383733711,-20.091637239556817,"[1, 2, 3, 4, 5, 6]"
20,0,0.7915505484292384,-19.408566488899282,"[1, 2, 3, 4, 5, 6]"
21,0,0.8009418707285403,-19.09725269380607,"[1, 2, 3, 4, 5, 6]"
22,0,0.8102752539313526,-18.83506104119958,"[1, 2, 3, 4, 5, 6]"
23,0,0.8195478010284545,-18.496660073731704,"[1, 2, 3, 4, 5, 6]"
24,0,0.8287542405983986,-18.087439326714602,"[1, 2, 3, 4, 5, 6]"
25,0,0.8379001837852018,-17.980834399057677,"[1, 2, 3, 4, 5, 6]"
26,0,0.8469803849530032,-17.590069767900374,"[1, 2, 3, 4, 5, 6]"
27,0,0.8559965024509052,-17.381913865245018,"[1, 2, 3, 4, 5, 6]"
28,0,0.8649525292589104,-17.247001185785706,"[1, 2, 3, 4, 5, 6]"
29,0,0.8738440253146144,-16.899920932377086,"[1, 2, 3, 4, 5, 6]"
30,0,0.8826578510853751,-16.31675924222978,"[1, 2, 3, 4, 5, 6]"
31,0,0.8913993753434903,-16.188437688943665,"[1, 2, 3, 4, 5, 6]"
32,0,0.9000657597096304,-15.866852118336226,"[1, 2, 3, 4, 5, 6]"
33,0,0.9086609595874635,-15.71472426163313,"[1, 2, 3, 4, 5, 6]"
34,0,0.917180666423777,-15.369310717336496,"[1, 2, 3, 4, 5, 6]"
35,0,0.9256281218108036,-15.20402840471202,"[1, 2, 3, 4, 5, 6]"
36,0,0.9339919009994954,-14.693481103537032,"[1, 2, 3, 4, 5, 6]"
37,0,0.9422848762048271,-14.744557120609741,"[1, 2, 3, 4, 5, 6]"
38,0,0.9504989897519486,-14.330340068292983,"[1, 2, 3, 4, 5, 6]"
39,0,0.958636845278237,-14.152319598812156,"[1, 2, 3, 4, 5, 6]"
40,0,0.9666881479524286,-13.685111868268848,"[1, 2, 3, 4, 5, 6]"
41,0,0.9746580407267061,-13.552916596389537,"[1, 2, 3, 4, 5, 6]"
42,0,0.9825389503905134,-13.147634009901857,"[1, 2, 3, 4, 5, 6]"
43,0,0.9903239820902742,-12.746744362424003,"[1, 2, 3, 4, 5, 6]"
44,0,0.9980235139611705,-12.71571474744865,"[1, 2, 3, 4, 5, 6]"
45,0,1.005642674063097,-12.59301049581994,"[1, 2, 3, 4, 5, 6]"
46,0,1.0131652591757812,-12.023865456509228,"[1, 2, 3, 4, 5, 6]"
47,0,1.0206042157366169,-12.048593971989817,"[1, 2, 3, 4, 5, 6]"
48,0,1.0279548667833402,-11.728278214709611,"[1, 2, 3, 4, 5, 6]"
49,0,1.0352138972525684,-11.431008917736506,"[1, 2, 3, 4, 5, 6]"
50,0,1.0423852044386681,-11.279517059966807,"[1, 2, 3, 4, 5, 6]"
51,0,1.0494563552771632,-10.804393700556489,"[1, 2, 3, 4, 5, 6]"
52,0,1.0564444312946473,-10.907213374289668,"[1, 2, 3, 4, 5, 6]"
53,0,1.063357950361334,-10.870311366217138,"[1, 2, 3, 4, 5, 6]"
54,0,1.07018386655863,-10.421522429656768,"[1, 2, 3, 4, 5, 6]"
55,0,1.0769094905956904,-9.961099655429216,"[1, 2, 3, 4, 5, 6]"
56,0,1.0835553459951184,-10.129289215776922,"[1, 2, 3, 4, 5, 6]"
57,0,1.0901229215535295,-9.965692954361351,"[1, 2, 3, 4, 5, 6]"
58,0,1.0966095129229456,-9.726281988528171,"[1, 2, 3, 4, 5, 6]"
59,0,1.102989696593681,-9.053775449294832,"[1, 2, 3, 4, 5, 6]"
60,0,1.109268511739159,-8.916666552749234,"[1, 2, 3, 4, 5, 6]"
61,0,1.1154539773117,-8.845524205593648,"[1, 2, 3, 4, 5, 6]"
62,0,1.1215620507167432,-8.936192840152998,"[1, 2, 3, 4, 5, 6]"
63,0,1.1275689517044265,-8.324362882761832,"[1, 2, 3, 4, 5, 6]"
64,0,1.133484681695953,-8.293162336934103,"[1, 2, 3, 4, 5, 6]"
65,0,1.1393021170538096,-7.9703971750984905,"[1, 2, 3, 4, 5, 6]"
66,0,1.145037502720594,-8.057538929156095,"[1, 2, 3, 4, 5, 6]"
67,0,1.1506873892353606,-7.820939113887135,"[1, 2, 3, 4, 5, 6]"
68,0,1.1562513210337382,-7.63399798216733,"[1, 2, 3, 4, 5, 6]"
69,0,1.1617165240853007,-7.232724371945466,"[1, 2, 3, 4, 5, 6]"
70,0,1.1670926269798225,-7.204032766078484,"[1, 2, 3, 4, 5, 6]"
71,0,1.1723768344666994,-6.9770697032580955,"[1, 2, 3, 4, 5, 6]"
72,0,1.177577634176836,-6.941222744679351,"[1, 2, 3, 4, 5, 6]"
73,0,1.1826819270513391,-6.552327230302723,"[1, 2, 3, 4, 5, 6]"
74,0,1.1876900359757847,-6.373303948537341,"[1, 2, 3, 4, 5, 6]"
75,0,1.1926105243907714,-6.33481330206979,"[1, 2, 3, 4, 5, 6]"
76,0,1.1974485013509497,-6.252689160152364,"[1, 2, 3, 4, 5, 6]"
77,0,1.2021992910662351,-6.017499073791569,"[1, 2, 3, 4, 5, 6]"
78,0,1.2068764571773036,-6.077333753315045,"[1, 2, 3, 4, 5, 6]"
79,0,1.2114556683423816,-5.538596730760318,"[1, 2, 3, 4, 5, 6]"
80,0,1.2159490263433463,-5.559093367491116,"[1, 2, 3, 4, 5, 6]"
81,0,1.2203589995981488,-5.442588888939078,"[1, 2, 3, 4, 5, 6]"
82,0,1.2246828578367936,-5.24770207446258,"[1, 2, 3, 4, 5, 6]"
83,0,1.2289264854147235,-5.187819224632875,"[1, 2, 3, 4, 5, 6]"
84,0,1.233095606263817,-5.134826182954356,"[1, 2, 3, 4, 5, 6]"
85,0,1.2371659593170707,-4.619278571815293,"[1, 2, 3, 4, 5, 6]"
86,0,1.241153763427477,-4.705647055915492,"[1, 2, 3, 4, 5, 6]"
87,0,1.2450807051436874,-4.90028365617362,"[1, 2, 3, 4, 5, 6]"
88,0,1.2489221137308726,-4.408100986879141,"[1, 2, 3, 4, 5, 6]"
89,0,1.2526861665417628,-4.389577660287742,"[1, 2, 3, 4, 5, 6]"
90,0,1.2563599288405471,-4.060555035756472,"[1, 2, 3, 4, 5, 6]"
91,0,1.2599553021476828,-4.093284047160061,"[1, 2, 3, 4, 5, 6]"
92,0,1.263479293467477,-4.068867138334959,"[1, 2, 3, 4, 5, 6]"
93,0,1.2669298040532155,-3.9178350400642756,"[1, 2, 3, 4, 5, 6]"
94,0,1.270295121940605,-3.621561801367619,"[1, 2, 3, 4, 5, 6]"
95,0,1.2735930970160663,-3.7509413010189405,"[1, 2, 3, 4, 5, 6]"
96,0,1.2768093954477733,-3.4282939178883183,"[1, 2, 3, 4, 5, 6]"
97,0,1.2799494445706863,-3.3792310616465286,"[1, 2, 3, 4, 5, 6]"
98,0,1.283017497312435,-3.3209807753286924,"[1, 2, 3, 4, 5, 6]"
99,0,1.2860086689055794,-3.136127218805427,"[1, 2, 3, 4, 5, 6]"
100,0,1.2889312323833562,-3.1367651565651045,"[1, 2, 3, 4, 5, 6]"
101,0,1.2917838841685934,-3.010734091762899,"[1, 2, 3, 4, 5, 6]"
102,0,1.2945801474143777,-3.0967259804626366,"[1, 2, 3, 4, 5, 6]"
103,0,1.2973206161467765,-3.015811806827749,"[1, 2, 3, 4, 5, 6]"
104,0,1.3000066048505659,-2.946646713419213,"[1, 2, 3, 4, 5, 6]"
105,0,1.3026091604226502,-2.4518718658990295,"[1, 2, 3, 4, 5, 6]"
106,0,1.305142275513061,-2.5267156211339383,"[1, 2, 3, 4, 5, 6]"
107,0,1.3076174118416175,-2.5842398550466186,"[1, 2, 3, 4, 5, 6]"
108,0,1.310019420997007,-2.285555543605973,"[1, 2, 3, 4, 5, 6]"
109,0,1.3123475911296192,-2.1696232326580827,"[1, 2, 3, 4, 5, 6]"
110,0,1.314627758855501,-2.4204567320854053,"[1, 2, 3, 4, 5, 6]"
111,0,1.316856748978574,-2.3042214782032886,"[1, 2, 3, 4, 5, 6]"
112,0,1.3190202032471996,-2.0316457364823464,"[1, 2, 3, 4, 5, 6]"
113,0,1.3211328459687797,-2.1390080570043395,"[1, 2, 3, 4, 5, 6]"
114,0,1.3231869098857463,-1.9593561215390167,"[1, 2, 3, 4, 5, 6]"
115,0,1.325181072224265,-1.8581739482165318,"[1, 2, 3, 4, 5, 6]"
116,0,1.3271286281145576,-1.9528205321826064,"[1, 2, 3, 4, 5, 6]"
117,0,1.3290271950983743,-1.8537046145775946,"[1, 2, 3, 4, 5, 6]"
118,0,1.3308818254361925,-1.8515390817582258,"[1, 2, 3, 4, 5, 6]"
119,0,1.332696345887425,-1.8395592532045484,"[1, 2, 3, 4, 5, 6]"
120,0,1.3344629879151906,-1.6790242231173096,"[1, 2, 3, 4, 5, 6]"
121,0,1.336173290581329,-1.5007513677786406,"[1, 2, 3, 4, 5, 6]"
122,0,1.3378354282187541,-1.5315714960555553,"[1, 2, 3, 4, 5, 6]"
123,0,1.3394642163864405,-1.6593260258895128,"[1, 2, 3, 4, 5, 6]"
124,0,1.3410492211750071,-1.4757275354363983,"[1, 2, 3, 4, 5, 6]"
125,0,1.3425772730084296,-1.244978442538219,"[1, 2, 3, 4, 5, 6]"
126,0,1.3440626262749715,-1.3540009036364893,"[1, 2, 3, 4, 5, 6]"
127,0,1.3455081402891593,-1.3331850502655698,"[1, 2, 3, 4, 5, 6]"
128,0,1.3468998165080008,-1.0998087450569898,"[1, 2, 3, 4, 5, 6]"
129,0,1.348230797233447,-0.9421435597447925,"[1, 2, 3, 4, 5, 6]"
130,0,1.3495271528015131,-1.1963225336711432,"[1, 2, 3, 4, 5, 6]"
131,0,1.3507884542646407,-1.1445065689839993,"[1, 2, 3, 4, 5, 6]"
132,0,1.3520217245561297,-1.186703987265986,"[1, 2, 3, 4, 5, 6]"
133,0,1.3532234220368904,-1.1041118769444367,"[1, 2, 3, 4, 5, 6]"
134,0,1.3544050146750894,-1.2061322791509994,"[1, 2, 3, 4, 5, 6]"
135,0,1.355561593285993,-1.1165427153032894,"[1, 2, 3, 4, 5, 6]"
136,0,1.3566737274079994,-0.8407717569184143,"[1, 2, 3, 4, 5, 6]"
137,0,1.357737100839307,-0.7311963549514999,"[1, 2, 3, 4, 5, 6]"
138,0,1.3587624938041252,-0.8039002437174645,"[1, 2, 3, 4, 5, 6]"
139,0,1.359758012878601,-0.856007620199982,"[1, 2, 3, 4, 5, 6]"
140,0,1.3607110830466358,-0.6633612168218264,"[1, 2, 3, 4, 5, 6]"
141,0,1.3616427686593566,-0.8688716555619536,"[1, 2, 3, 4, 5, 6]"
142,0,1.3625468849524776,-0.7654636213418371,"[1, 2, 3, 4, 5, 6]"
143,0,1.3634066477797435,-0.526590431921953,"[1, 2, 3, 4, 5, 6]"
144,0,1.3642486544205328,-0.7952443664063082,"[1, 2, 3, 4, 5, 6]"
145,0,1.3650664080882624,-0.6935761042416715,"[1, 2, 3, 4, 5, 6]"
146,0,1.365874626607445,-0.8403783497543884,"[1, 2, 3, 4, 5, 6]"
147,0,1.3666435807419854,-0.47003224381558084,"[1, 2, 3, 4, 5, 6]"
148,0,1.3673732692076004,-0.4231145336054922,"[1, 2, 3, 4, 5, 6]"
149,0,1.3680852059847342,-0.6329585773725626,"[1, 2, 3, 4, 5, 6]"
150,0,1.368766642862761,-0.45914700389617735,"[1, 2, 3, 4, 5, 6]"
151,0,1.3694177339791993,-0.42459379512911966,"[1, 2, 3, 4, 5, 6]"
152,0,1.3700542336798736,-0.5746292941368765,"[1, 2, 3, 4, 5, 6]"
153,0,1.3706639638650262,-0.4129478666104802,"[1, 2, 3, 4, 5, 6]"
154,0,1.3712540695071687,-0.46511910101850873,"[1, 2, 3, 4, 5, 6]"
155,0,1.3718276421967444,-0.4776710515609537,"[1, 2, 3, 4, 5, 6]"
156,0,1.372353892695099,-0.09854374138318178,"[1, 2, 3, 4, 5, 6]"
157,0,1.372878763857658,-0.5790011483817636,"[1, 2, 3, 4, 5, 6]"
158,0,1.373374736071121,-0.25681864782812625,"[1, 2, 3, 4, 5, 6]"
159,0,1.3738687662971163,-0.5351967868869423,"[1, 2, 3, 4, 5, 6]"
160,0,1.3743501580915716,-0.40827926716931273,"[1, 2, 3, 4, 5, 6]"
161,0,1.3748043366370244,-0.22560693302353485,"[1, 2, 3, 4, 5, 6]"
162,0,1.3752562795973353,-0.4807958692417458,"[1, 2, 3, 4, 5, 6]"
163,0,1.3756693597549958,-0.05869484247840262,"[1, 2, 3, 4, 5, 6]"
164,0,1.3760986514455062,-0.6426810874197599,"[1, 2, 3, 4, 5, 6]"
165,0,1.3765025443928134,-0.1863528286238676,"[1, 2, 3, 4, 5, 6]"
166,0,1.3768845094881597,-0.19718397211277505,"[1, 2, 3, 4, 5, 6]"
167,0,1.3772474872153624,-0.2057738492630392,"[1, 2, 3, 4, 5, 6]"
168,0,1.3776029333577267,-0.31339874802198864,"[1, 2, 3, 4, 5, 6]"
169,0,1.3779474773380405,-0.26650309286011975,"[1, 2, 3, 4, 5, 6]"
170,0,1.378289268203065,-0.3451522729753833,"[1, 2, 3, 4, 5, 6]"
171,0,1.3786230446247516,-0.2825215301938826,"[1, 2, 3, 4, 5, 6]"
172,0,1.3789325433706703,-0.09204626761317058,"[1, 2, 3, 4, 5, 6]"
173,0,1.3792357019477188,-0.26470865860902393,"[1, 2, 3, 4, 5, 6]"
174,0,1.3795608461219442,-0.5708273822142687,"[1, 2, 3, 4, 5, 6]"
175,0,1.3798877664398514,-0.3698529185676378,"[1, 2, 3, 4, 5, 6]"
176,0,1.3802051447919554,-0.2461773310669031,"[1, 2, 3, 4, 5, 6]"
177,0,1.380510250548638,-0.20535352436942134,"[1, 2, 3, 4, 5, 6]"
178,0,1.380798917375974,-0.1461011393564391,"[1, 2, 3, 4, 5, 6]"
179,0,1.381077638544991,-0.19916766957278043,"[1, 2, 3, 4, 5, 6]"
180,0,1.3813195209015325,0.10490618777281213,"[1, 2, 3, 4, 5, 6]"
181,0,1.381553466534343,-0.17040129451029173,"[1, 2, 3, 4, 5, 6]"
182,0,1.3817702742228184,-0.06186274923378221,"[1, 2, 3, 4, 5, 6]"
183,0,1.3819774070204374,-0.12432334674401346,"[1, 2, 3, 4, 5, 6]"
184,0,1.3821767005601586,-0.13363830380352937,"[1, 2, 3, 4, 5, 6]"
185,0,1.3823581768321767,-0.017772009132940525,"[1, 2, 3, 4, 5, 6]"
186,0,1.3825237472656915,-0.01958470278912472,"[1, 2, 3, 4, 5, 6]"
187,0,1.3826951024975476,-0.23503930304560328,"[1, 2, 3, 4, 5, 6]"
188,0,1.3828646736784755,-0.15971501154759693,"[1, 2, 3, 4, 5, 6]"
189,0,1.3830413776854478,-0.25242533063759964,"[1, 2, 3, 4, 5, 6]"
190,0,1.3832164681063024,-0.166330606235654,"[1, 2, 3, 4, 5, 6]"
191,0,1.383392587332607,-0.19226718540441823,"[1, 2, 3, 4, 5, 6]"
192,0,1.383574652603313,-0.2448504724141074,"[1, 2, 3, 4, 5, 6]"
193,0,1.383754466977409,-0.16398507282907815,"[1, 2, 3, 4, 5, 6]"
194,0,1.3839497028189547,-0.3471633406382679,"[1, 2, 3, 4, 5, 6]"
195,0,1.3841445896015447,-0.19670909864562702,"[1, 2, 3, 4, 5, 6]"
196,0,1.38431973485004,0.007071704936606693,"[1, 2, 3, 4, 5, 6]"
197,0,1.3844981934061324,-0.21353047724257124,"[1, 2, 3, 4, 5, 6]"
198,0,1.3846317393983274,0.28593161874560735,"[1, 2, 3, 4, 5, 6]"
199,0,1.3847729504831745,-0.2154775890058076,"[1, 2, 3, 4, 5, 6]"
200,0,1.384880477512754,0.20592857270690246,"[1, 2, 3, 4, 5, 6]"
201,0,1.3849800556717877,-0.02665206958593558,"[1, 2, 3, 4, 5, 6]"
202,0,1.3850911449831953,-0.2193869199673273,"[1, 2, 3, 4, 5, 6]"
203,0,1.3851953624142768,-0.04123178732602639,"[1, 2, 3, 4, 5, 6]"
204,0,1.3852532112515037,0.37145669750361066,"[1, 2, 3, 4, 5, 6]"
205,0,1.3852994836318344,0.06057896494581172,"[1, 2, 3, 4, 5, 6]"
206,0,1.3853312993827107,0.10147664912423693,"[1, 2, 3, 4, 5, 6]"
207,0,1.3853680274514313,-0.08190612530876962,"[1, 2, 3, 4, 5, 6]"
208,0,1.3853962969806342,0.049473065891071144,"[1, 2, 3, 4, 5, 6]"
209,0,1.385408468833781,0.13535482809094646,"[1, 2, 3, 4, 5, 6]"
210,0,1.3853921190929763,0.2769242953753235,"[1, 2, 3, 4, 5, 6]"
211,0,1.3853985435682854,-0.2140595562629457,"[1, 2, 3, 4, 5, 6]"
212,0,1.38539303155581,0.11406507855806325,"[1, 2, 3, 4, 5, 6]"
213,0,1.385407204425084,-0.1927085211506352,"[1, 2, 3, 4, 5, 6]"
214,0,1.3854468467298293,-0.26976690082004495,"[1, 2, 3, 4, 5, 6]"
215,0,1.385491349909058,-0.08766450677467219,"[1, 2, 3, 4, 5, 6]"
216,0,1.3855244368015258,0.07053218823570973,"[1, 2, 3, 4, 5, 6]"
217,0,1.385564249883015,-0.099492592717084,"[1, 2, 3, 4, 5, 6]"
218,0,1.3855744543033859,0.2559464477304658,"[1, 2, 3, 4, 5, 6]"
219,0,1.3855949155239164,-0.11185558651431649,"[1, 2, 3, 4, 5, 6]"
220,0,1.3856281078049555,-0.1461253055027072,"[1, 2, 3, 4, 5, 6]"
221,0,1.3856506472134156,0.07318529141612373,"[1, 2, 3, 4, 5, 6]"
222,0,1.38565595594474,0.14828922260691968,"[1, 2, 3, 4, 5, 6]"
223,0,1.3856703125228025,-0.09427445467206752,"[1, 2, 3, 4, 5, 6]"
224,0,1.385693092035461,-0.09666260372431879,"[1, 2, 3, 4, 5, 6]"
225,0,1.3857087664902905,0.047779318821255856,"[1, 2, 3, 4, 5, 6]"
226,0,1.3857479507490738,-0.24524993008838436,"[1, 2, 3, 4, 5, 6]"
227,0,1.385755092620002,0.2755102445320148,"[1, 2, 3, 4, 5, 6]"
228,0,1.385743656927505,0.17431546349468618,"[1, 2, 3, 4, 5, 6]"
229,0,1.3857302513025513,0.030093611060244996,"[1, 2, 3, 4, 5, 6]"
230,0,1.385704380747859,0.1338335419361414,"[1, 2, 3, 4, 5, 6]"
231,0,1.3856686688197368,0.1199983198417911,"[1, 2, 3, 4, 5, 6]"
232,0,1.3856219231696296,0.14063884176952257,"[1, 2, 3, 4, 5, 6]"
233,0,1.3855774474000575,0.02239864282413606,"[1, 2, 3, 4, 5, 6]"
234,0,1.3855251390635468,0.11753581289443815,"[1, 2, 3, 4, 5, 6]"
235,0,1.3854860957630009,-0.07814563550054743,"[1, 2, 3, 4, 5, 6]"
236,0,1.385434654853546,0.15576359113553195,"[1, 2, 3, 4, 5, 6]"
237,0,1.3853723851828204,0.15209897082543478,"[1, 2, 3, 4, 5, 6]"
238,0,1.3853138377928886,0.0228909392133545,"[1, 2, 3, 4, 5, 6]"
239,0,1.3852498167540341,0.10708845318203686,"[1, 2, 3, 4, 5, 6]"
240,0,1.3851812490614792,0.10317977836157155,"[1, 2, 3, 4, 5, 6]"
241,0,1.3851524777679096,-0.3141504348739943,"[1, 2, 3, 4, 5, 6]"
242,0,1.3851226019763236,0.03729140203076042,"[1, 2, 3, 4, 5, 6]"
243,0,1.3850895305674547,0.05804514500731983,"[1, 2, 3, 4, 5, 6]"
244,0,1.385033877718377,0.24407022634192543,"[1, 2, 3, 4, 5, 6]"
245,0,1.3849873367101821,-0.03434277226349991,"[1, 2, 3, 4, 5, 6]"
246,0,1.38494259907824,0.02608766551083619,"[1, 2, 3, 4, 5, 6]"
247,0,1.3848882215517402,0.1318864221178444,"[1, 2, 3, 4, 5, 6]"
248,0,1.3848636283310471,-0.22916850189625393,"[1, 2, 3, 4, 5, 6]"
249,0,1.384837212992153,0.03968772295561962,"[1, 2, 3, 4, 5, 6]"
250,0,1.3847952158457355,0.16984193204773135,"[1, 2, 3, 4, 5, 6]"
251,0,1.384759525995912,-0.02030614592608515,"[1, 2, 3, 4, 5, 6]"
252,0,1.3847404882629026,-0.12233186234598747,"[1, 2, 3, 4, 5, 6]"
253,0,1.384701226924773,0.20529880563362468,"[1, 2, 3, 4, 5, 6]"
254,0,1.3846601623700445,0.052537135673915714,"[1, 2, 3, 4, 5, 6]"
255,0,1.3846097704978848,0.1237404833121758,"[1, 2, 3, 4, 5, 6]"
256,0,1.384575579800451,-0.10390378567438319,"[1, 2, 3, 4, 5, 6]"
257,0,1.3845615818545245,-0.15523375187127186,"[1, 2, 3, 4, 5, 6]"
258,0,1.3845554237347273,-0.05950531202224596,"[1, 2, 3, 4, 5, 6]"
259,0,1.3845763780041784,-0.2436247795463089,"[1, 2, 3, 4, 5, 6]"
260,0,1.3845903894859364,0.044781733281041625,"[1, 2, 3, 4, 5, 6]"
261,0,1.3845820887397147,0.19172022269381017,"[1, 2, 3, 4, 5, 6]"
262,0,1.3845810700635868,-0.05910747844955466,"[1, 2, 3, 4, 5, 6]"
263,0,1.3845752348143765,0.044872759233570036,"[1, 2, 3, 4, 5, 6]"
264,0,1.3845688660472166,0.010092888732224026,"[1, 2, 3, 4, 5, 6]"
265,0,1.3845549907760961,0.07396933464931266,"[1, 2, 3, 4, 5, 6]"
266,0,1.3845452313227513,-0.024966512277089237,"[1, 2, 3, 4, 5, 6]"
267,0,1.3845106675972856,0.23351082099468812,"[1, 2, 3, 4, 5, 6]"
268,0,1.384462613560125,0.1528402847206607,"[1, 2, 3, 4, 5, 6]"
269,0,1.3844175293778673,0.015908036399729042,"[1, 2, 3, 4, 5, 6]"
270,0,1.3843903002678652,-0.1209665967360607,"[1, 2, 3, 4, 5, 6]"
271,0,1.3843745098008602,-0.07882817480343363,"[1, 2, 3, 4, 5, 6]"
272,0,1.3843678936543957,-0.06846784319667165,"[1, 2, 3, 4, 5, 6]"
273,0,1.3843502538033365,0.10473713689525255,"[1, 2, 3, 4, 5, 6]"
274,0,1.3843378802317436,-0.03160507621528552,"[1, 2, 3, 4, 5, 6]"
275,0,1.384325514995389,0.010821543162471414,"[1, 2, 3, 4, 5, 6]"
276,0,1.3843317050724897,-0.15475167575613114,"[1, 2, 3, 4, 5, 6]"
277,0,1.3843253113653435,0.1067017450729395,"[1, 2, 3, 4, 5, 6]"
278,0,1.3842898824891734,0.263911040487649,"[1, 2, 3, 4, 5, 6]"
279,0,1.3842541281363443,0.03389038695660673,"[1, 2, 3, 4, 5, 6]"
280,0,1.3842250694522618,-0.028136580821595203,"[1, 2, 3, 4, 5, 6]"
281,0,1.3841804274224636,0.16329968070718337,"[1, 2, 3, 4, 5, 6]"
282,0,1.3841338743247684,0.055766958662438526,"[1, 2, 3, 4, 5, 6]"
283,0,1.3840859930280218,0.05219716190048018,"[1, 2, 3, 4, 5, 6]"
284,0,1.3840521454873953,-0.08206506858972773,"[1, 2, 3, 4, 5, 6]"
285,0,1.3840537776333655,-0.2827217108778868,"[1, 2, 3, 4, 5, 6]"
286,0,1.384039460598086,0.13864328608726595,"[1, 2, 3, 4, 5, 6]"
287,0,1.3840116852258932,0.13036553560283437,"[1, 2, 3, 4, 5, 6]"
288,0,1.3839894852907872,-0.024839973284365158,"[1, 2, 3, 4, 5, 6]"
289,0,1.3839876215249,-0.1586039853587451,"[1, 2, 3, 4, 5, 6]"
290,0,1.3840294876664994,-0.3799734757502833,"[1, 2, 3, 4, 5, 6]"
291,0,1.3841116660500121,-0.38716127260325806,"[1, 2, 3, 4, 5, 6]"
292,0,1.3841761126643422,0.08376632137020579,"[1, 2, 3, 4, 5, 6]"
293,0,1.3842594197372944,-0.21898341431178636,"[1, 2, 3, 4, 5, 6]"
294,0,1.384312836160267,0.18796607623680472,"[1, 2, 3, 4, 5, 6]"
295,0,1.3843625638621069,-0.013664311824150843,"[1, 2, 3, 4, 5, 6]"
296,0,1.3843869549560313,0.17663373892484913,"[1, 2, 3, 4, 5, 6]"
297,0,1.3843757542226942,0.28644025948030816,"[1, 2, 3, 4, 5, 6]"
298,0,1.3843680302893242,-0.020443701413086046,"[1, 2, 3, 4, 5, 6]"
299,0,1.384346106762644,0.12873978761285798,"[1, 2, 3, 4, 5, 6]"
300,0,1.3843157561102801,0.09098113786193096,"[1, 2, 3, 4, 5, 6]"
301,0,1.3842759970989629,0.10639233520608116,"[1, 2, 3, 4, 5, 6]"
302,0,1.384248376168498,-0.07037898961345945,"[1, 2, 3, 4, 5, 6]"
303,0,1.384196851071573,0.22775183100217333,"[1, 2, 3, 4, 5, 6]"
304,0,1.384121046853733,0.25075224412183417,"[1, 2, 3, 4, 5, 6]"
305,0,1.3840531960260138,-0.004051691037595617,"[1, 2, 3, 4, 5, 6]"
306,0,1.3839973674472943,-0.04536799709535444,"[1, 2, 3, 4, 5, 6]"
307,0,1.3839399644051908,0.060215595144164524,"[1, 2, 3, 4, 5, 6]"
308,0,1.3839107905261623,-0.1915646905393089,"[1, 2, 3, 4, 5, 6]"
309,0,1.3839200586014972,-0.30146399712580063,"[1, 2, 3, 4, 5, 6]"
310,0,1.3839189549711195,0.08004913686902881,"[1, 2, 3, 4, 5, 6]"
311,0,1.3839602347842241,-0.35730560689363955,"[1, 2, 3, 4, 5, 6]"
312,0,1.3839736451767861,0.20082855481392414,"[1, 2, 3, 4, 5, 6]"
313,0,1.3839504796282822,0.2970887164296272,"[1, 2, 3, 4, 5, 6]"
314,0,1.3839193841082906,0.0859726381220014,"[1, 2, 3, 4, 5, 6]"
315,0,1.3838659660321764,0.2133693850341487,"[1, 2, 3, 4, 5, 6]"
316,0,1.3838090413224426,0.0736664076908653,"[1, 2, 3, 4, 5, 6]"
317,0,1.3837481207711202,0.08056206832203827,"[1, 2, 3, 4, 5, 6]"
318,0,1.3836888259380957,0.036713542959709855,"[1, 2, 3, 4, 5, 6]"
319,0,1.3836662363120626,-0.2577701101342882,"[1, 2, 3, 4, 5, 6]"
320,0,1.3836458218210066,0.00045831778733429474,"[1, 2, 3, 4, 5, 6]"
321,0,1.3836341367819542,-0.055937723339162915,"[1, 2, 3, 4, 5, 6]"
322,0,1.3836252277791354,-0.013497746430104485,"[1, 2, 3, 4, 5, 6]"
323,0,1.3836355344960047,-0.15233724775145419,"[1, 2, 3, 4, 5, 6]"
324,0,1.3836593041486955,-0.12013729744420232,"[1, 2, 3, 4, 5, 6]"
325,0,1.383696459375405,-0.13034283284866888,"[1, 2, 3, 4, 5, 6]"
326,0,1.3837365881097057,-0.05495535478382152,"[1, 2, 3, 4, 5, 6]"
327,0,1.3837915766877316,-0.1555101906717269,"[1, 2, 3, 4, 5, 6]"
328,0,1.383849188143763,-0.06644341225801753,"[1, 2, 3, 4, 5, 6]"
329,0,1.3839236032786222,-0.18532575001101748,"[1, 2, 3, 4, 5, 6]"
330,0,1.3839809314612035,0.08011790360525595,"[1, 2, 3, 4, 5, 6]"
331,0,1.3840305004878501,0.01723007034733115,"[1, 2, 3, 4, 5, 6]"
332,0,1.3840706815158326,0.036858376130936676,"[1, 2, 3, 4, 5, 6]"
333,0,1.3841016495448066,0.042971221407142934,"[1, 2, 3, 4, 5, 6]"
334,0,1.3841646421499318,-0.2870946654974347,"[1, 2, 3, 4, 5, 6]"
335,0,1.3842306148766366,-0.07520594229133337,"[1, 2, 3, 4, 5, 6]"
336,0,1.3843190604324733,-0.23659273805992598,"[1, 2, 3, 4, 5, 6]"
337,0,1.3843618213581435,0.30112310572329193,"[1, 2, 3, 4, 5, 6]"
338,0,1.3843832449316211,0.13928600101463218,"[1, 2, 3, 4, 5, 6]"
339,0,1.3843958632431164,0.05436828500675972,"[1, 2, 3, 4, 5, 6]"
340,0,1.384424159214814,-0.13738691975022732,"[1, 2, 3, 4, 5, 6]"
341,0,1.3844540388781374,-0.035504644565968135,"[1, 2, 3, 4, 5, 6]"
342,0,1.3844744105896571,0.05307502090251148,"[1, 2, 3, 4, 5, 6]"
343,0,1.3844907735155152,0.01613689877265756,"[1, 2, 3, 4, 5, 6]"
344,0,1.3845021608390216,0.02712100620097857,"[1, 2, 3, 4, 5, 6]"
345,0,1.3845685524650677,-0.4526580797230011,"[1, 2, 3, 4, 5, 6]"
346,0,1.3846377409485455,-0.07537008217770591,"[1, 2, 3, 4, 5, 6]"
347,0,1.3846598970374069,0.3233055077350926,"[1, 2, 3, 4, 5, 6]"
348,0,1.3847175732891273,-0.30293133080764534,"[1, 2, 3, 4, 5, 6]"
349,0,1.3847446797635758,0.19952092180903946,"[1, 2, 3, 4, 5, 6]"
350,0,1.384749798022743,0.15471345408002435,"[1, 2, 3, 4, 5, 6]"
351,0,1.3847577245133071,-0.026520585025487264,"[1, 2, 3, 4, 5, 6]"
352,0,1.3847408060125623,0.1922998555581401,"[1, 2, 3, 4, 5, 6]"
353,0,1.3847349180540725,-0.07469503002297273,"[1, 2, 3, 4, 5, 6]"
354,0,1.3847266193909602,0.02385741024899346,"[1, 2, 3, 4, 5, 6]"
355,0,1.3847041069406099,0.11969641618460969,"[1, 2, 3, 4, 5, 6]"
356,0,1.3846805595937872,0.0259263413144879,"[1, 2, 3, 4, 5, 6]"
357,0,1.3846514321536851,0.06280285611944691,"[1, 2, 3, 4, 5, 6]"
358,0,1.3845985101373275,0.2115711171148078,"[1, 2, 3, 4, 5, 6]"
359,0,1.384563964638645,-0.10412223666919118,"[1, 2, 3, 4, 5, 6]"
360,0,1.3845238347198021,0.07120758065635613,"[1, 2, 3, 4, 5, 6]"
361,0,1.3845141941768477,-0.20957093976917918,"[1, 2, 3, 4, 5, 6]"
362,0,1.3845131631703167,-0.06042463296918754,"[1, 2, 3, 4, 5, 6]"
363,0,1.3845090766334172,0.02488869883746503,"[1, 2, 3, 4, 5, 6]"
364,0,1.3845130819968887,-0.060523913311740785,"[1, 2, 3, 4, 5, 6]"
365,0,1.3845023346428105,0.1128871240729552,"[1, 2, 3, 4, 5, 6]"
366,0,1.3844976570605385,-0.03932137459616314,"[1, 2, 3, 4, 5, 6]"
367,0,1.384484527963951,0.06992121364109494,"[1, 2, 3, 4, 5, 6]"
368,0,1.3844934181896935,-0.1623334908327152,"[1, 2, 3, 4, 5, 6]"
369,0,1.3844812575427703,0.15783897954669612,"[1, 2, 3, 4, 5, 6]"
370,0,1.3844743596928755,-0.03173027033695064,"[1, 2, 3, 4, 5, 6]"
371,0,1.3844284989085132,0.3094692447084171,"[1, 2, 3, 4, 5, 6]"
372,0,1.3843585407486503,0.22324621215847174,"[1, 2, 3, 4, 5, 6]"
373,0,1.3842690636765647,0.20588902385712515,"[1, 2, 3, 4, 5, 6]"
374,0,1.3841861897146581,0.017486501992010517,"[1, 2, 3, 4, 5, 6]"
375,0,1.3841190814548452,-0.05878791953565354,"[1, 2, 3, 4, 5, 6]"
376,0,1.3840288966824046,0.23057684689063507,"[1, 2, 3, 4, 5, 6]"
377,0,1.3839404738415442,0.05549392897196981,"[1, 2, 3, 4, 5, 6]"
378,0,1.3838628085359541,-0.015554807474053689,"[1, 2, 3, 4, 5, 6]"
379,0,1.383792619724664,0.0016051522641546967,"[1, 2, 3, 4, 5, 6]"
380,0,1.3837075906040104,0.16824348932512834,"[1, 2, 3, 4, 5, 6]"
381,0,1.3836249343954512,0.046593924384445984,"[1, 2, 3, 4, 5, 6]"
382,0,1.3835588078039867,-0.0643429393949333,"[1, 2, 3, 4, 5, 6]"
383,0,1.3835070588715956,-0.06029246193601523,"[1, 2, 3, 4, 5, 6]"
384,0,1.383472567680774,-0.09329639122439914,"[1, 2, 3, 4, 5, 6]"
385,0,1.3834790814081932,-0.28863218699299154,"[1, 2, 3, 4, 5, 6]"
386,0,1.3834787577101286,0.04749417931891742,"[1, 2, 3, 4, 5, 6]"
387,0,1.3834872356645815,-0.06717876709018356,"[1, 2, 3, 4, 5, 6]"
388,0,1.3834900408729318,0.03698570522619349,"[1, 2, 3, 4, 5, 6]"
389,0,1.3835104012127866,-0.13629320706514392,"[1, 2, 3, 4, 5, 6]"
390,0,1.3835179045586703,0.08276845019471324,"[1, 2, 3, 4, 5, 6]"
391,0,1.383564149473306,-0.3010859848951526,"[1, 2, 3, 4, 5, 6]"
392,0,1.3836077675320313,-0.014855500217898054,"[1, 2, 3, 4, 5, 6]"
393,0,1.3836531155781229,-0.046009309878606075,"[1, 2, 3, 4, 5, 6]"
394,0,1.3836925445288806,0.010870442215569653,"[1, 2, 3, 4, 5, 6]"
395,0,1.383738832923456,-0.08169796947307617,"[1, 2, 3, 4, 5, 6]"
396,0,1.3837613021086828,0.145866692048358,"[1, 2, 3, 4, 5, 6]"
397,0,1.383791805352353,-0.07769740575823647,"[1, 2, 3, 4, 5, 6]"
398,0,1.3838248983786092,-0.04243897616436243,"[1, 2, 3, 4, 5, 6]"
399,0,1.3838524830096643,0.01686969521166759,"[1, 2, 3, 4, 5, 6]"
400,0,1.383908590302983,-0.2359284962791932,"[1, 2, 3, 4, 5, 6]"
401,0,1.3839644704765404,-0.040173348122138464,"[1, 2, 3, 4, 5, 6]"
402,0,1.3839863742804621,0.21424406057820278,"[1, 2, 3, 4, 5, 6]"
403,0,1.3840080584523324,-0.014664338959050838,"[1, 2, 3, 4, 5, 6]"
404,0,1.3839968478341045,0.2310896673085594,"[1, 2, 3, 4, 5, 6]"
405,0,1.3839826350089972,0.030872181314940406,"[1, 2, 3, 4, 5, 6]"
406,0,1.3839650383694793,0.03592978584119777,"[1, 2, 3, 4, 5, 6]"
407,0,1.3839301942366644,0.1422550777012077,"[1, 2, 3, 4, 5, 6]"
408,0,1.3838549349531284,0.32824576819127316,"[1, 2, 3, 4, 5, 6]"
409,0,1.3837894311539984,-0.017214261909323625,"[1, 2, 3, 4, 5, 6]"
410,0,1.3837339610730226,-0.026485035612452634,"[1, 2, 3, 4, 5, 6]"
411,0,1.3837102031517887,-0.1955611551833698,"[1, 2, 3, 4, 5, 6]"
412,0,1.3836539054918326,0.2599779411446832,"[1, 2, 3, 4, 5, 6]"
413,0,1.3836042287145345,-0.007780900125140988,"[1, 2, 3, 4, 5, 6]"
414,0,1.383589341602523,-0.2220779629380374,"[1, 2, 3, 4, 5, 6]"
415,0,1.3835731956535493,0.02029989375558472,"[1, 2, 3, 4, 5, 6]"
416,0,1.3835390615658125,0.14531999567883247,"[1, 2, 3, 4, 5, 6]"
417,0,1.3834743971975103,0.2513244610434242,"[1, 2, 3, 4, 5, 6]"
418,0,1.3834050523309265,0.08206997229834201,"[1, 2, 3, 4, 5, 6]"
419,0,1.3833770932644098,-0.25527531811336956,"[1, 2, 3, 4, 5, 6]"
420,0,1.3833905007646035,-0.28515105733714563,"[1, 2, 3, 4, 5, 6]"
421,0,1.3834328718147675,-0.2235576185000312,"[1, 2, 3, 4, 5, 6]"
422,0,1.3834665336740126,0.03326437987313824,"[1, 2, 3, 4, 5, 6]"
423,0,1.3835194118473138,-0.16608258005751253,"[1, 2, 3, 4, 5, 6]"
424,0,1.383620657692642,-0.3943900768287989,"[1, 2, 3, 4, 5, 6]"
425,0,1.3836887099986357,0.17024075923723103,"[1, 2, 3, 4, 5, 6]"
426,0,1.3837742336333574,-0.17777235935981395,"[1, 2, 3, 4, 5, 6]"
427,0,1.3838527541438959,-0.010779867512880514,"[1, 2, 3, 4, 5, 6]"
428,0,1.383948415967815,-0.18258990294177835,"[1, 2, 3, 4, 5, 6]"
429,0,1.3840192161719604,0.11259926977559331,"[1, 2, 3, 4, 5, 6]"
430,0,1.384106802268742,-0.17402720626398605,"[1, 2, 3, 4, 5, 6]"
431,0,1.3841921440603753,-0.04699470265310168,"[1, 2, 3, 4, 5, 6]"
432,0,1.3842624526365546,0.04799426143792829,"[1, 2, 3, 4, 5, 6]"
433,0,1.3843303640188125,-0.033308418850864996,"[1, 2, 3, 4, 5, 6]"
434,0,1.384412417844933,-0.15199093803506258,"[1, 2, 3, 4, 5, 6]"
435,0,1.3844883202691511,-0.01439909380832205,"[1, 2, 3, 4, 5, 6]"
436,0,1.3845617824282446,-0.03692658677849181,"[1, 2, 3, 4, 5, 6]"
437,0,1.3846644423450047,-0.26483475422540437,"[1, 2, 3, 4, 5, 6]"
438,0,1.3847755204938146,-0.13484315184026485,"[1, 2, 3, 4, 5, 6]"
439,0,1.38486188448451,0.09931176424666432,"[1, 2, 3, 4, 5, 6]"
440,0,1.384933474635504,0.04498722566614788,"[1, 2, 3, 4, 5, 6]"
441,0,1.3849786496497865,0.13970940792875552,"[1, 2, 3, 4, 5, 6]"
442,0,1.3849928732060828,0.19125246987250932,"[1, 2, 3, 4, 5, 6]"
443,0,1.3850142509615164,-0.06180492646867464,"[1, 2, 3, 4, 5, 6]"
444,0,1.385013545058246,0.14394313532006464,"[1, 2, 3, 4, 5, 6]"
445,0,1.384994777624276,0.1305961074632762,"[1, 2, 3, 4, 5, 6]"
446,0,1.3849879367822286,-0.0724346474223907,"[1, 2, 3, 4, 5, 6]"
447,0,1.3850256257942861,-0.3152340264247755,"[1, 2, 3, 4, 5, 6]"
448,0,1.3850046011454114,0.3948304737424593,"[1, 2, 3, 4, 5, 6]"
449,0,1.3849812343615637,0.0317559288876339,"[1, 2, 3, 4, 5, 6]"
450,0,1.3849606531227985,-0.0033640533856811317,"[1, 2, 3, 4, 5, 6]"
451,0,1.384949340819638,-0.051763329417724435,"[1, 2, 3, 4, 5, 6]"
452,0,1.3849680365915242,-0.20664945476570296,"[1, 2, 3, 4, 5, 6]"
453,0,1.385012996578011,-0.20095342345777567,"[1, 2, 3, 4, 5, 6]"
454,0,1.3850277406779594,0.18391880028006824,"[1, 2, 3, 4, 5, 6]"
455,0,1.385023423921609,0.12553816915239935,"[1, 2, 3, 4, 5, 6]"
456,0,1.384997814633502,0.15478775741253514,"[1, 2, 3, 4, 5, 6]"
457,0,1.3849564437746975,0.1302909372232648,"[1, 2, 3, 4, 5, 6]"
458,0,1.3848930962860326,0.18548834256245073,"[1, 2, 3, 4, 5, 6]"
459,0,1.384810849805882,0.17892606794902122,"[1, 2, 3, 4, 5, 6]"
460,0,1.384756102841645,-0.13733618043257678,"[1, 2, 3, 4, 5, 6]"
461,0,1.384707873998318,-0.007731604872098785,"[1, 2, 3, 4, 5, 6]"
462,0,1.384637425065539,0.19133275556733054,"[1, 2, 3, 4, 5, 6]"
463,0,1.384579898938644,-0.04203395372855567,"[1, 2, 3, 4, 5, 6]"
464,0,1.3845556693811687,-0.19514996059033507,"[1, 2, 3, 4, 5, 6]"
465,0,1.3844985019783875,0.2497133193279879,"[1, 2, 3, 4, 5, 6]"
466,0,1.3844688271079413,-0.15406239495262497,"[1, 2, 3, 4, 5, 6]"
467,0,1.3844757418472056,-0.2373047541059421,"[1, 2, 3, 4, 5, 6]"
468,0,1.3844240447262188,0.4081627251690918,"[1, 2, 3, 4, 5, 6]"
469,0,1.3843597897412157,0.12449313435529064,"[1, 2, 3, 4, 5, 6]"
470,0,1.38428779554828,0.09924658764623473,"[1, 2, 3, 4, 5, 6]"
471,0,1.3842564535339585,-0.2354834330300406,"[1, 2, 3, 4, 5, 6]"
472,0,1.3842075307677988,0.1452418652254437,"[1, 2, 3, 4, 5, 6]"
473,0,1.3841736834948495,-0.07170723643805843,"[1, 2, 3, 4, 5, 6]"
474,0,1.3841280228754467,0.10630279313338775,"[1, 2, 3, 4, 5, 6]"
475,0,1.3841011624886632,-0.09991635621634742,"[1, 2, 3, 4, 5, 6]"
476,0,1.3840939941234365,-0.11910411438661583,"[1, 2, 3, 4, 5, 6]"
477,0,1.3840320975171887,0.3874234859946597,"[1, 2, 3, 4, 5, 6]"
478,0,1.3839687647187422,0.0528893585001029,"[1, 2, 3, 4, 5, 6]"
479,0,1.3838771654562299,0.24099403554357934,"[1, 2, 3, 4, 5, 6]"
480,0,1.383776780264814,0.12455034318416836,"[1, 2, 3, 4, 5, 6]"
481,0,1.3836534254751323,0.22926953713736253,"[1, 2, 3, 4, 5, 6]"
482,0,1.38356412535601,-0.1517902124491215,"[1, 2, 3, 4, 5, 6]"
483,0,1.3834827510995487,0.006477365239909716,"[1, 2, 3, 4, 5, 6]"
484,0,1.383435239839474,-0.1791012953354354,"[1, 2, 3, 4, 5, 6]"
485,0,1.383401477043634,-0.06268968044756207,"[1, 2, 3, 4, 5, 6]"
486,0,1.3833636596852241,0.05132198797981857,"[1, 2, 3, 4, 5, 6]"
487,0,1.3833346105535467,-0.034745002106667755,"[1, 2, 3, 4, 5, 6]"
488,0,1.3833120042865648,-0.024641888594544525,"[1, 2, 3, 4, 5, 6]"
489,0,1.3832856253734822,0.04158621649267502,"[1, 2, 3, 4, 5, 6]"
490,0,1.3832721314703322,-0.0709255344211357,"[1, 2, 3, 4, 5, 6]"
491,0,1.3832312648180238,0.19814601719109248,"[1, 2, 3, 4, 5, 6]"
492,0,1.3832296430394397,-0.24264679586369198,"[1, 2, 3, 4, 5, 6]"
493,0,1.3832413445521317,-0.09067825836822152,"[1, 2, 3, 4, 5, 6]"
494,0,1.3832882710922711,-0.25045124902199234,"[1, 2, 3, 4, 5, 6]"
495,0,1.3833540312570725,-0.16154087414328444,"[1, 2, 3, 4, 5, 6]"
496,0,1.3834160222612661,-0.01893179361281483,"[1, 2, 3, 4, 5, 6]"
497,0,1.3834546351225712,0.1182708318685286,"[1, 2, 3, 4, 5, 6]"
498,0,1.3835362116442032,-0.32098007862212796,"[1, 2, 3, 4, 5, 6]"
499,0,1.3836457925604155,-0.24739749410246503,"[1, 2, 3, 4, 5, 6]"
500,0,1.3837592902084597,-0.10127162432797832,"[1, 2, 3, 4, 5, 6]"
501,0,1.383875227131554,-0.0937364366225637,"[1, 2, 3, 4, 5, 6]"
502,0,1.3839434997951419,0.24717940635213154,"[1, 2, 3, 4, 5, 6]"
503,0,1.3840146852151092,-0.06616277064093623,"[1, 2, 3, 4, 5, 6]"
504,0,1.3840722782893145,0.04455155983976766,"[1, 2, 3, 4, 5, 6]"
505,0,1.3841315382373183,-0.05033113452066118,"[1, 2, 3, 4, 5, 6]"
506,0,1.3841655188223716,0.13215184180396022,"[1, 2, 3, 4, 5, 6]"
507,0,1.3842220613271756,-0.17652226817934746,"[1, 2, 3, 4, 5, 6]"
508,0,1.3842972189682747,-0.164758676919476,"[1, 2, 3, 4, 5, 6]"
509,0,1.3844124962732893,-0.3233006186821541,"[1, 2, 3, 4, 5, 6]"
510,0,1.38453416485094,-0.12106423896487684,"[1, 2, 3, 4, 5, 6]"
511,0,1.3846423884989425,0.009296131441558941,"[1, 2, 3, 4, 5, 6]"
512,0,1.3847444853223065,-0.031270996453862665,"[1, 2, 3, 4, 5, 6]"
513,0,1.384892356601034,-0.37862365141394605,"[1, 2, 3, 4, 5, 6]"
514,0,1.3850337918297977,-0.05575494860662644,"[1, 2, 3, 4, 5, 6]"
515,0,1.3851319550673247,0.19765556149805263,"[1, 2, 3, 4, 5, 6]"
516,0,1.3852449149577386,-0.16577340502724525,"[1, 2, 3, 4, 5, 6]"
517,0,1.3853629970305437,-0.11024864981989424,"[1, 2, 3, 4, 5, 6]"
518,0,1.3853967961356008,0.4893754757258577,"[1, 2, 3, 4, 5, 6]"
519,0,1.3854126929541954,0.0980311783639678,"[1, 2, 3, 4, 5, 6]"
520,0,1.3854306249682342,-0.02432709002196276,"[1, 2, 3, 4, 5, 6]"
521,0,1.3854578726141697,-0.07464587561626956,"[1, 2, 3, 4, 5, 6]"
522,0,1.385476383356583,0.040549395381539455,"[1, 2, 3, 4, 5, 6]"
523,0,1.3855278600524015,-0.23375816288231022,"[1, 2, 3, 4, 5, 6]"
524,0,1.3855632142430834,0.07390715168324391,"[1, 2, 3, 4, 5, 6]"
525,0,1.3855389972591572,0.3759263563157873,"[1, 2, 3, 4, 5, 6]"
526,0,1.3855200513231865,-0.01921011983903753,"[1, 2, 3, 4, 5, 6]"
527,0,1.3855194535462974,-0.1102443376635236,"[1, 2, 3, 4, 5, 6]"
528,0,1.3855035057225285,0.10307739879814903,"[1, 2, 3, 4, 5, 6]"
529,0,1.385456210800316,0.22010134435036832,"[1, 2, 3, 4, 5, 6]"
530,0,1.3854247137485458,-0.0741495104738874,"[1, 2, 3, 4, 5, 6]"
531,0,1.3854411145068646,-0.29876055327823536,"[1, 2, 3, 4, 5, 6]"
532,0,1.385432657156893,0.15489095476647918,"[1, 2, 3, 4, 5, 6]"
533,0,1.38543183475599,-0.04527311782295129,"[1, 2, 3, 4, 5, 6]"
534,0,1.3853882256976129,0.2853775942661869,"[1, 2, 3, 4, 5, 6]"
535,0,1.3853378415873556,0.07386491186700539,"[1, 2, 3, 4, 5, 6]"
536,0,1.385255815669558,0.24355412679467747,"[1, 2, 3, 4, 5, 6]"
537,0,1.3851615613041448,0.1352961573227489,"[1, 2, 3, 4, 5, 6]"
538,0,1.3850826725419758,-0.039865710699608314,"[1, 2, 3, 4, 5, 6]"
539,0,1.384968392670669,0.28660384731431066,"[1, 2, 3, 4, 5, 6]"
540,0,1.3849058513833763,-0.26761318218903085,"[1, 2, 3, 4, 5, 6]"
541,0,1.384859513369224,-0.06615981649585478,"[1, 2, 3, 4, 5, 6]"
542,0,1.3848371855086699,-0.12839210730373196,"[1, 2, 3, 4, 5, 6]"
543,0,1.3847990447036462,0.11917473220150043,"[1, 2, 3, 4, 5, 6]"
544,0,1.3848222613128682,-0.3802318660826103,"[1, 2, 3, 4, 5, 6]"
545,0,1.384802126442323,0.27088520280295825,"[1, 2, 3, 4, 5, 6]"
546,0,1.3847522728856256,0.2091612529810405,"[1, 2, 3, 4, 5, 6]"
547,0,1.3847166483290902,-0.06113923935221521,"[1, 2, 3, 4, 5, 6]"
548,0,1.3846830167105555,0.010169644250993315,"[1, 2, 3, 4, 5, 6]"
549,0,1.3846362810126827,0.10818385751808535,"[1, 2, 3, 4, 5, 6]"
550,0,1.3845835467238272,0.06994385164603045,"[1, 2, 3, 4, 5, 6]"
551,0,1.384538141746176,-0.01374586022444646,"[1, 2, 3, 4, 5, 6]"
552,0,1.3845165374581423,-0.12662671679087367,"[1, 2, 3, 4, 5, 6]"
553,0,1.3844794501364794,0.11562082668793039,"[1, 2, 3, 4, 5, 6]"
554,0,1.3844130517815776,0.2162346659810126,"[1, 2, 3, 4, 5, 6]"
555,0,1.3843770262585338,-0.1557201287707457,"[1, 2, 3, 4, 5, 6]"
556,0,1.3843411786147282,0.02224764274885871,"[1, 2, 3, 4, 5, 6]"
557,0,1.3843084497941978,0.0028855317923870416,"[1, 2, 3, 4, 5, 6]"
558,0,1.384263525831374,0.10091725934073992,"[1, 2, 3, 4, 5, 6]"
559,0,1.3842003876408924,0.14804573446196656,"[1, 2, 3, 4, 5, 6]"
560,0,1.3841557592784104,-0.07984581310003591,"[1, 2, 3, 4, 5, 6]"
561,0,1.3841234447866235,-0.05137826999885675,"[1, 2, 3, 4, 5, 6]"
562,0,1.384067935771735,0.1719948288604769,"[1, 2, 3, 4, 5, 6]"
563,0,1.384021178854145,-0.021082046028354284,"[1, 2, 3, 4, 5, 6]"
564,0,1.383981626739625,-0.0166557968962735,"[1, 2, 3, 4, 5, 6]"
565,0,1.3839289893845785,0.1105768920820509,"[1, 2, 3, 4, 5, 6]"
566,0,1.3839037189470007,-0.1437776059391993,"[1, 2, 3, 4, 5, 6]"
567,0,1.3838653849954852,0.10106548090511325,"[1, 2, 3, 4, 5, 6]"
568,0,1.383870492082897,-0.2570115310876133,"[1, 2, 3, 4, 5, 6]"
569,0,1.3838406643633574,0.22308754640818051,"[1, 2, 3, 4, 5, 6]"
570,0,1.3837736702251031,0.25984222198245277,"[1, 2, 3, 4, 5, 6]"
571,0,1.3837294233419568,-0.10412413096635476,"[1, 2, 3, 4, 5, 6]"
572,0,1.3837012720288835,-0.07564918716605007,"[1, 2, 3, 4, 5, 6]"
573,0,1.3836732644851428,0.01713801069364962,"[1, 2, 3, 4, 5, 6]"
574,0,1.383620685582492,0.17659466434507465,"[1, 2, 3, 4, 5, 6]"
575,0,1.3835328870058918,0.2609079669669967,"[1, 2, 3, 4, 5, 6]"
576,0,1.3834512448114373,0.016538007914270736,"[1, 2, 3, 4, 5, 6]"
577,0,1.383412234249434,-0.22237918399146395,"[1, 2, 3, 4, 5, 6]"
578,0,1.3833682652793775,0.056864011105666634,"[1, 2, 3, 4, 5, 6]"
579,0,1.3833539511779023,-0.16265565358009582,"[1, 2, 3, 4, 5, 6]"
580,0,1.3833365370296558,0.029066652851291508,"[1, 2, 3, 4, 5, 6]"
581,0,1.3833221925209793,-0.008604514958030052,"[1, 2, 3, 4, 5, 6]"
582,0,1.3833301842174215,-0.13421613175969327,"[1, 2, 3, 4, 5, 6]"
583,0,1.3833271011103951,0.06593890715128481,"[1, 2, 3, 4, 5, 6]"
584,0,1.3833290239957434,-0.030120905125023967,"[1, 2, 3, 4, 5, 6]"
585,0,1.383334203976835,-0.02208360114924801,"[1, 2, 3, 4, 5, 6]"
586,0,1.3833077203784196,0.1993502238172411,"[1, 2, 3, 4, 5, 6]"
587,0,1.3833074003966166,-0.15049689132534638,"[1, 2, 3, 4, 5, 6]"
588,0,1.383363209265279,-0.3585030989723066,"[1, 2, 3, 4, 5, 6]"
589,0,1.3834005422490196,0.08257959307972129,"[1, 2, 3, 4, 5, 6]"
590,0,1.3834537057701473,-0.12469614703570642,"[1, 2, 3, 4, 5, 6]"
591,0,1.3834603453488086,0.26300189194083146,"[1, 2, 3, 4, 5, 6]"
592,0,1.3834271264689613,0.24979736643354045,"[1, 2, 3, 4, 5, 6]"
593,0,1.3833995397236662,-0.014847079835504928,"[1, 2, 3, 4, 5, 6]"
594,0,1.3833792065566197,-0.028715596027566903,"[1, 2, 3, 4, 5, 6]"
595,0,1.383323955974018,0.23488994053173684,"[1, 2, 3, 4, 5, 6]"
596,0,1.3832751681515032,-0.006181920770742977,"[1, 2, 3, 4, 5, 6]"
597,0,1.3832365501288795,-0.033795071194198556,"[1, 2, 3, 4, 5, 6]"
598,0,1.3832034311062988,-0.010544260833093233,"[1, 2, 3, 4, 5, 6]"
599,0,1.3832220461513511,-0.30718676987114435,"[1, 2, 3, 4, 5, 6]"
600,0,1.3832687150127452,-0.1894923046638084,"[1, 2, 3, 4, 5, 6]"
601,0,1.3833468445277535,-0.22858692875276887,"[1, 2, 3, 4, 5, 6]"
602,0,1.3833894608894985,0.17559545050505676,"[1, 2, 3, 4, 5, 6]"
603,0,1.3834033166845745,0.15508887458957332,"[1, 2, 3, 4, 5, 6]"
604,0,1.383449867946573,-0.21530898965261258,"[1, 2, 3, 4, 5, 6]"
605,0,1.3835194117625111,-0.1744058951698264,"[1, 2, 3, 4, 5, 6]"
606,0,1.383584958815824,-0.018390078473963456,"[1, 2, 3, 4, 5, 6]"
607,0,1.3836378262171007,0.038881534360292846,"[1, 2, 3, 4, 5, 6]"
608,0,1.3836998420881361,-0.09075950472159633,"[1, 2, 3, 4, 5, 6]"
609,0,1.3837339221555303,0.13711026984315566,"[1, 2, 3, 4, 5, 6]"
610,0,1.3837906061579333,-0.16356191018273591,"[1, 2, 3, 4, 5, 6]"
611,0,1.383893780547342,-0.32779557386944447,"[1, 2, 3, 4, 5, 6]"
612,0,1.3839893203748532,-0.016460657381585975,"[1, 2, 3, 4, 5, 6]"
613,0,1.384081937123574,-0.041273851394535654,"[1, 2, 3, 4, 5, 6]"
614,0,1.3841962838000432,-0.19414375313601795,"[1, 2, 3, 4, 5, 6]"
615,0,1.3842397263136554,0.37340790572082483,"[1, 2, 3, 4, 5, 6]"
616,0,1.3842225412097118,0.35291735715156136,"[1, 2, 3, 4, 5, 6]"
617,0,1.3842163377949936,-0.05808270053160669,"[1, 2, 3, 4, 5, 6]"
618,0,1.384202155725324,0.05379695322285016,"[1, 2, 3, 4, 5, 6]"
619,0,1.3841816788854568,0.048188487737931496,"[1, 2, 3, 4, 5, 6]"
620,0,1.384166683753968,-0.02154209628881887,"[1, 2, 3, 4, 5, 6]"
621,0,1.38416435896674,-0.06983300183971863,"[1, 2, 3, 4, 5, 6]"
622,0,1.3841674790117677,-0.03254476937858897,"[1, 2, 3, 4, 5, 6]"
623,0,1.3841618166872,0.052849092828282096,"[1, 2, 3, 4, 5, 6]"
624,0,1.3841508235609505,0.036739243731666704,"[1, 2, 3, 4, 5, 6]"
625,0,1.3841590315107504,-0.11280735625091154,"[1, 2, 3, 4, 5, 6]"
626,0,1.3842007957543956,-0.21398145535812318,"[1, 2, 3, 4, 5, 6]"
627,0,1.3842208084632392,0.10949543763525327,"[1, 2, 3, 4, 5, 6]"
628,0,1.38422244435957,0.10188368418681648,"[1, 2, 3, 4, 5, 6]"
629,0,1.3841894875900376,0.2139154205756313,"[1, 2, 3, 4, 5, 6]"
630,0,1.3841525147651434,0.04527605924670297,"[1, 2, 3, 4, 5, 6]"
631,0,1.3841064488770245,0.07922545311043194,"[1, 2, 3, 4, 5, 6]"
632,0,1.384052759630989,0.07566510821425965,"[1, 2, 3, 4, 5, 6]"
633,0,1.3839833278483011,0.13062353684117056,"[1, 2, 3, 4, 5, 6]"
634,0,1.38388743427932,0.20660989359035398,"[1, 2, 3, 4, 5, 6]"
635,0,1.3838382256223687,-0.22991710831455237,"[1, 2, 3, 4, 5, 6]"
636,0,1.3837695800664516,0.15046157707392638,"[1, 2, 3, 4, 5, 6]"
637,0,1.3837034769176701,0.02646318662247893,"[1, 2, 3, 4, 5, 6]"
638,0,1.3836441858185287,-0.0014858811305415998,"[1, 2, 3, 4, 5, 6]"
639,0,1.3836028809551346,-0.07463612845389633,"[1, 2, 3, 4, 5, 6]"
640,0,1.3835856936659499,-0.12343744280374835,"[1, 2, 3, 4, 5, 6]"
641,0,1.3835928889262457,-0.13977087621393025,"[1, 2, 3, 4, 5, 6]"
642,0,1.383620736108733,-0.13163128816417924,"[1, 2, 3, 4, 5, 6]"
643,0,1.383653680432905,-0.048424386157265076,"[1, 2, 3, 4, 5, 6]"
644,0,1.383708020050199,-0.15178526626832678,"[1, 2, 3, 4, 5, 6]"
645,0,1.3837589194026498,-0.012064411026159405,"[1, 2, 3, 4, 5, 6]"
646,0,1.3838638468601503,-0.3630769635886111,"[1, 2, 3, 4, 5, 6]"
647,0,1.3839958582359437,-0.23037470424644368,"[1, 2, 3, 4, 5, 6]"
648,0,1.3841301404764188,-0.09448035022269607,"[1, 2, 3, 4, 5, 6]"
649,0,1.384223440307156,0.1694580585758345,"[1, 2, 3, 4, 5, 6]"
650,0,1.3842886564593195,0.11526807529213556,"[1, 2, 3, 4, 5, 6]"
651,0,1.3843758182470853,-0.17413339802254058,"[1, 2, 3, 4, 5, 6]"
652,0,1.3844589604045892,-0.02844245933989953,"[1, 2, 3, 4, 5, 6]"
653,0,1.3845216565216698,0.07450383184901455,"[1, 2, 3, 4, 5, 6]"
654,0,1.3846084806292243,-0.18561319681294464,"[1, 2, 3, 4, 5, 6]"
655,0,1.384697572119679,-0.0665954757930649,"[1, 2, 3, 4, 5, 6]"
656,0,1.3847888660099401,-0.06753376754491569,"[1, 2, 3, 4, 5, 6]"
657,0,1.384825919908096,0.27557066725946555,"[1, 2, 3, 4, 5, 6]"
658,0,1.384935550407375,-0.46504382044963677,"[1, 2, 3, 4, 5, 6]"
659,0,1.385044603951992,-0.06291698876360385,"[1, 2, 3, 4, 5, 6]"
660,0,1.3851466670229287,-0.023468016664715208,"[1, 2, 3, 4, 5, 6]"
661,0,1.385186907979567,0.31451200691146397,"[1, 2, 3, 4, 5, 6]"
662,0,1.385211207891809,0.07262601480357489,"[1, 2, 3, 4, 5, 6]"
663,0,1.3851934307776046,0.2410974331010678,"[1, 2, 3, 4, 5, 6]"
664,0,1.3852027561058469,-0.1539141095811445,"[1, 2, 3, 4, 5, 6]"
665,0,1.385224615990984,-0.0817331982132572,"[1, 2, 3, 4, 5, 6]"
666,0,1.3852493522036644,-0.030642449774923364,"[1, 2, 3, 4, 5, 6]"
667,0,1.3852493376525823,0.13517076608441414,"[1, 2, 3, 4, 5, 6]"
668,0,1.3851909377344425,0.35383715046007325,"[1, 2, 3, 4, 5, 6]"
669,0,1.3851307439888827,0.04603752538150019,"[1, 2, 3, 4, 5, 6]"
670,0,1.385086305366883,-0.05913023328236022,"[1, 2, 3, 4, 5, 6]"
671,0,1.3850601712582233,-0.083992342549152,"[1, 2, 3, 4, 5, 6]"
672,0,1.3850364981517402,0.0008339890761774882,"[1, 2, 3, 4, 5, 6]"
673,0,1.3850190897123473,-0.023625269189587073,"[1, 2, 3, 4, 5, 6]"
674,0,1.3849724907089833,0.18670367375285224,"[1, 2, 3, 4, 5, 6]"
675,0,1.3848939902259436,0.22046631975425157,"[1, 2, 3, 4, 5, 6]"
676,0,1.3848422650620653,-0.11438992295004624,"[1, 2, 3, 4, 5, 6]"
677,0,1.3848241221469328,-0.17139339112927843,"[1, 2, 3, 4, 5, 6]"
678,0,1.384792909901544,0.08958796965046645,"[1, 2, 3, 4, 5, 6]"
679,0,1.3847788145529585,-0.08435088124339529,"[1, 2, 3, 4, 5, 6]"
680,0,1.38473009875176,0.21670900232737722,"[1, 2, 3, 4, 5, 6]"
681,0,1.3847386041587588,-0.3149027508825455,"[1, 2, 3, 4, 5, 6]"
682,0,1.3847906552001694,-0.2667377459867595,"[1, 2, 3, 4, 5, 6]"
683,0,1.3848236070347668,0.08360537754992947,"[1, 2, 3, 4, 5, 6]"
684,0,1.384843243295984,0.06024464314112521,"[1, 2, 3, 4, 5, 6]"
685,0,1.3848525971639951,0.049958919942085345,"[1, 2, 3, 4, 5, 6]"
686,0,1.3848637776863006,-0.01652628168517367,"[1, 2, 3, 4, 5, 6]"
687,0,1.3848329457600184,0.2450239537808656,"[1, 2, 3, 4, 5, 6]"
688,0,1.3848325012278724,-0.16357418558898473,"[1, 2, 3, 4, 5, 6]"
689,0,1.3848251234252478,0.04175052382070987,"[1, 2, 3, 4, 5, 6]"
690,0,1.3847620241246763,0.3376073944497904,"[1, 2, 3, 4, 5, 6]"
691,0,1.3846886278413877,0.09904993468536105,"[1, 2, 3, 4, 5, 6]"
692,0,1.3846070802916592,0.09229271345622436,"[1, 2, 3, 4, 5, 6]"
693,0,1.3845492718281298,-0.09328930900849741,"[1, 2, 3, 4, 5, 6]"
694,0,1.3845112505311055,-0.08374412653432017,"[1, 2, 3, 4, 5, 6]"
695,0,1.384472395846383,0.027518260303423858,"[1, 2, 3, 4, 5, 6]"
696,0,1.3844262018172522,0.06676447941981678,"[1, 2, 3, 4, 5, 6]"
697,0,1.384378467926343,0.03653498192134208,"[1, 2, 3, 4, 5, 6]"
698,0,1.3843187464841262,0.09960894443770485,"[1, 2, 3, 4, 5, 6]"
699,0,1.3842542428138453,0.06378368179203164,"[1, 2, 3, 4, 5, 6]"
700,0,1.3842242133382958,-0.1668010227447425,"[1, 2, 3, 4, 5, 6]"
701,0,1.3842226502728474,-0.15138359457041872,"[1, 2, 3, 4, 5, 6]"
702,0,1.384229227545535,-0.047413918040113856,"[1, 2, 3, 4, 5, 6]"
703,0,1.3842417705024062,-0.03928631894996926,"[1, 2, 3, 4, 5, 6]"
704,0,1.3843122523982043,-0.35104298558667324,"[1, 2, 3, 4, 5, 6]"
705,0,1.3843532872695798,0.13299102985847355,"[1, 2, 3, 4, 5, 6]"
706,0,1.3844189716010267,-0.1702128936368439,"[1, 2, 3, 4, 5, 6]"
707,0,1.3844390964099436,0.2310613823932286,"[1, 2, 3, 4, 5, 6]"
708,0,1.3844591144393157,-0.011214862980452267,"[1, 2, 3, 4, 5, 6]"
709,0,1.3844546227137138,0.13317348678936014,"[1, 2, 3, 4, 5, 6]"
710,0,1.3844659592933446,-0.09091365268731266,"[1, 2, 3, 4, 5, 6]"
711,0,1.3844716584000671,0.026639610290871474,"[1, 2, 3, 4, 5, 6]"
712,0,1.3844532887657657,0.13875017296127368,"[1, 2, 3, 4, 5, 6]"
713,0,1.384406060741095,0.18106046872250658,"[1, 2, 3, 4, 5, 6]"
714,0,1.3844035266156252,-0.23585575495610556,"[1, 2, 3, 4, 5, 6]"
715,0,1.3844077891233402,-0.038571583656889175,"[1, 2, 3, 4, 5, 6]"
716,0,1.384434006867272,-0.1318222243405387,"[1, 2, 3, 4, 5, 6]"
717,0,1.3844849045802254,-0.16064693344162606,"[1, 2, 3, 4, 5, 6]"
718,0,1.3845252419186276,0.03234048218968155,"[1, 2, 3, 4, 5, 6]"
719,0,1.3846316650131105,-0.4122103067786398,"[1, 2, 3, 4, 5, 6]"
720,0,1.3847641642271156,-0.21547903207900276,"[1, 2, 3, 4, 5, 6]"
721,0,1.3848561686958238,0.1604247860060184,"[1, 2, 3, 4, 5, 6]"
722,0,1.3849122963097342,0.15687633936563827,"[1, 2, 3, 4, 5, 6]"
723,0,1.3849354613717597,0.16063188174215526,"[1, 2, 3, 4, 5, 6]"
724,0,1.3849806945052523,-0.14291871605454531,"[1, 2, 3, 4, 5, 6]"
725,0,1.3850183628576038,0.01795880673520145,"[1, 2, 3, 4, 5, 6]"
726,0,1.3850636613540601,-0.06664376056249921,"[1, 2, 3, 4, 5, 6]"
727,0,1.3850883552520827,0.09423503026874158,"[1, 2, 3, 4, 5, 6]"
728,0,1.3850725261085775,0.22271409189038138,"[1, 2, 3, 4, 5, 6]"
729,0,1.3850480554762126,0.05974033983972049,"[1, 2, 3, 4, 5, 6]"
730,0,1.3849989959586422,0.1579322762385047,"[1, 2, 3, 4, 5, 6]"
731,0,1.3848900495220422,0.3783138549309726,"[1, 2, 3, 4, 5, 6]"
732,0,1.3847983040711545,-0.03713303927239764,"[1, 2, 3, 4, 5, 6]"
733,0,1.384710016435271,0.03308709898037421,"[1, 2, 3, 4, 5, 6]"
734,0,1.384671778198327,-0.24062568115576966,"[1, 2, 3, 4, 5, 6]"
735,0,1.3846686930927945,-0.1827008362858038,"[1, 2, 3, 4, 5, 6]"
736,0,1.3846519680185296,0.08123931266686668,"[1, 2, 3, 4, 5, 6]"
737,0,1.3846280468973284,0.051581512892795445,"[1, 2, 3, 4, 5, 6]"
738,0,1.3846284274756142,-0.12754922352517184,"[1, 2, 3, 4, 5, 6]"
739,0,1.3846392383271349,-0.06087517363976502,"[1, 2, 3, 4, 5, 6]"
740,0,1.3846662934265206,-0.10066544312026338,"[1, 2, 3, 4, 5, 6]"
741,0,1.384719831096771,-0.16947390752552138,"[1, 2, 3, 4, 5, 6]"
742,0,1.3848255301372576,-0.3337686100559978,"[1, 2, 3, 4, 5, 6]"
743,0,1.3849162967802275,0.025615284662784177,"[1, 2, 3, 4, 5, 6]"
744,0,1.3849671013366167,0.179376157536403,"[1, 2, 3, 4, 5, 6]"
745,0,1.3850019764128911,0.06302843259701518,"[1, 2, 3, 4, 5, 6]"
746,0,1.385061971321836,-0.1656283242566161,"[1, 2, 3, 4, 5, 6]"
747,0,1.385131505079102,-0.08979775635639697,"[1, 2, 3, 4, 5, 6]"
748,0,1.3851882063616752,0.03421786520122794,"[1, 2, 3, 4, 5, 6]"
749,0,1.3851912021339667,0.2779845367498197,"[1, 2, 3, 4, 5, 6]"
750,0,1.385160562920729,0.1927093213989366,"[1, 2, 3, 4, 5, 6]"
751,0,1.3851209524118864,0.06944825399545351,"[1, 2, 3, 4, 5, 6]"
752,0,1.3850895531761604,-0.024653523209423156,"[1, 2, 3, 4, 5, 6]"
753,0,1.3850702764657126,-0.05192933504915942,"[1, 2, 3, 4, 5, 6]"
754,0,1.3850166801879187,0.20903003010146648,"[1, 2, 3, 4, 5, 6]"
755,0,1.384955930602969,0.07199026231226924,"[1, 2, 3, 4, 5, 6]"
756,0,1.3848870863222353,0.0814783870308986,"[1, 2, 3, 4, 5, 6]"
757,0,1.3848083990902815,0.096142807984684,"[1, 2, 3, 4, 5, 6]"
758,0,1.384735930048171,0.009282942351440227,"[1, 2, 3, 4, 5, 6]"
759,0,1.3846433460633236,0.15721037626783385,"[1, 2, 3, 4, 5, 6]"
760,0,1.3845450051781278,0.08608091362845727,"[1, 2, 3, 4, 5, 6]"
761,0,1.384415355202501,0.23617310045565887,"[1, 2, 3, 4, 5, 6]"
762,0,1.3843331403182175,-0.19834210907149696,"[1, 2, 3, 4, 5, 6]"
763,0,1.3843120518412073,-0.3039370778265891,"[1, 2, 3, 4, 5, 6]"
764,0,1.3842949815598238,-0.011012860947268166,"[1, 2, 3, 4, 5, 6]"
765,0,1.3843034435852597,-0.1366773577394369,"[1, 2, 3, 4, 5, 6]"
766,0,1.384321388454275,-0.05917986111264639,"[1, 2, 3, 4, 5, 6]"
767,0,1.3843152324080714,0.12783493601290274,"[1, 2, 3, 4, 5, 6]"
768,0,1.3843414089288992,-0.18161782461675813,"[1, 2, 3, 4, 5, 6]"
769,0,1.384369134965095,-0.0237766667793764,"[1, 2, 3, 4, 5, 6]"
770,0,1.3844060902449178,-0.06857211501049676,"[1, 2, 3, 4, 5, 6]"
771,0,1.3844470387993666,-0.04385518258195731,"[1, 2, 3, 4, 5, 6]"
772,0,1.3845329852333625,-0.2803941139589696,"[1, 2, 3, 4, 5, 6]"
773,0,1.3846456426854792,-0.20139341980612357,"[1, 2, 3, 4, 5, 6]"
774,0,1.3847633001864563,-0.09254119856839793,"[1, 2, 3, 4, 5, 6]"
775,0,1.384851880152967,0.09907469028389926,"[1, 2, 3, 4, 5, 6]"
776,0,1.3849293998117091,0.01279314163419798,"[1, 2, 3, 4, 5, 6]"
777,0,1.3849873364462666,0.06763035634713077,"[1, 2, 3, 4, 5, 6]"
778,0,1.3850691023363622,-0.1685790062757846,"[1, 2, 3, 4, 5, 6]"
779,0,1.3851533260459266,-0.06032608134125894,"[1, 2, 3, 4, 5, 6]"
780,0,1.385202457955723,0.15197452529096012,"[1, 2, 3, 4, 5, 6]"
781,0,1.3853149931518514,-0.38840564899233243,"[1, 2, 3, 4, 5, 6]"
782,0,1.3854758267537988,-0.3382224661874318,"[1, 2, 3, 4, 5, 6]"
783,0,1.3856190852006678,0.008897705690344537,"[1, 2, 3, 4, 5, 6]"
784,0,1.3857234864440362,0.13967691955959793,"[1, 2, 3, 4, 5, 6]"
785,0,1.3858362243396363,-0.10629769631904651,"[1, 2, 3, 4, 5, 6]"
786,0,1.3858987426475933,0.22122275218891474,"[1, 2, 3, 4, 5, 6]"
787,0,1.385954373100536,0.003768940696630807,"[1, 2, 3, 4, 5, 6]"
788,0,1.3860125511795673,-0.04581849518295655,"[1, 2, 3, 4, 5, 6]"
789,0,1.3860822441010199,-0.09802317378307634,"[1, 2, 3, 4, 5, 6]"
790,0,1.3860838828660957,0.3459955355597657,"[1, 2, 3, 4, 5, 6]"
791,0,1.3860784023480215,0.039360660935571445,"[1, 2, 3, 4, 5, 6]"
792,0,1.386059925303504,0.07658767221826679,"[1, 2, 3, 4, 5, 6]"
793,0,1.3860713163040952,-0.15843744911204283,"[1, 2, 3, 4, 5, 6]"
794,0,1.3861105210711888,-0.16354979703390882,"[1, 2, 3, 4, 5, 6]"
795,0,1.3861321502335324,0.07721077544771049,"[1, 2, 3, 4, 5, 6]"
796,0,1.386135982283482,0.08829704786383274,"[1, 2, 3, 4, 5, 6]"
797,0,1.386094933102862,0.2510380562995209,"[1, 2, 3, 4, 5, 6]"
798,0,1.3860812196624892,-0.13109163113782074,"[1, 2, 3, 4, 5, 6]"
799,0,1.386019310878302,0.2793089947856018,"[1, 2, 3, 4, 5, 6]"
800,0,1.3859331294828496,0.17144129770569094,"[1, 2, 3, 4, 5, 6]"
801,0,1.3858438457177507,0.06576937863393084,"[1, 2, 3, 4, 5, 6]"
802,0,1.3857639175014005,-0.00262939307565091,"[1, 2, 3, 4, 5, 6]"
803,0,1.385688422388087,0.019819999527150856,"[1, 2, 3, 4, 5, 6]"
804,0,1.3855986781539302,0.12235539432887776,"[1, 2, 3, 4, 5, 6]"
805,0,1.3854797920730062,0.21394768951955712,"[1, 2, 3, 4, 5, 6]"
806,0,1.385419100887067,-0.2603587004503609,"[1, 2, 3, 4, 5, 6]"
807,0,1.3853678132847036,-0.018869442790929725,"[1, 2, 3, 4, 5, 6]"
808,0,1.3853075863673534,0.07880224438989814,"[1, 2, 3, 4, 5, 6]"
809,0,1.3852632878432232,-0.05569949114002526,"[1, 2, 3, 4, 5, 6]"
810,0,1.385198283993821,0.1407744508251767,"[1, 2, 3, 4, 5, 6]"
811,0,1.3851515004516202,-0.0658199571865481,"[1, 2, 3, 4, 5, 6]"
812,0,1.3850955748447211,0.0772724420947597,"[1, 2, 3, 4, 5, 6]"
813,0,1.3850478041252334,-0.014479181345770087,"[1, 2, 3, 4, 5, 6]"
814,0,1.3850037298184925,0.005927400029513308,"[1, 2, 3, 4, 5, 6]"
815,0,1.3848949364565903,0.3864056918120653,"[1, 2, 3, 4, 5, 6]"
816,0,1.3847453894267456,0.2882951005911636,"[1, 2, 3, 4, 5, 6]"
817,0,1.3845763489369813,0.1920605548788501,"[1, 2, 3, 4, 5, 6]"
818,0,1.3843884161712532,0.19944783604409366,"[1, 2, 3, 4, 5, 6]"
819,0,1.384196532073698,0.126468607055628,"[1, 2, 3, 4, 5, 6]"
820,0,1.3840591166894016,-0.19725394443694455,"[1, 2, 3, 4, 5, 6]"
821,0,1.383952587814493,-0.09591980289228985,"[1, 2, 3, 4, 5, 6]"
822,0,1.3838469724110325,0.05401353693446964,"[1, 2, 3, 4, 5, 6]"
823,0,1.383780366251744,-0.15870206855933588,"[1, 2, 3, 4, 5, 6]"
824,0,1.3836997934242432,0.11467243861714138,"[1, 2, 3, 4, 5, 6]"
825,0,1.3836601110761941,-0.1828906742363614,"[1, 2, 3, 4, 5, 6]"
826,0,1.3836578815213672,-0.18632717845518698,"[1, 2, 3, 4, 5, 6]"
827,0,1.3835996962858021,0.3122962348478424,"[1, 2, 3, 4, 5, 6]"
828,0,1.383538335672128,0.04983410794453391,"[1, 2, 3, 4, 5, 6]"
829,0,1.3834887305993577,-0.0313562879607332,"[1, 2, 3, 4, 5, 6]"
830,0,1.3834152989774575,0.15968137362751378,"[1, 2, 3, 4, 5, 6]"
831,0,1.3833480512419682,0.0062568001626530645,"[1, 2, 3, 4, 5, 6]"
832,0,1.383300550923898,-0.07238113923916956,"[1, 2, 3, 4, 5, 6]"
833,0,1.3832455073374115,0.06803068792358857,"[1, 2, 3, 4, 5, 6]"
834,0,1.383168456889191,0.1522961756791048,"[1, 2, 3, 4, 5, 6]"
835,0,1.383155634175837,-0.3131986030163745,"[1, 2, 3, 4, 5, 6]"
836,0,1.3831419409463575,0.011885969677898345,"[1, 2, 3, 4, 5, 6]"
837,0,1.3831337766988723,-0.023046345640679533,"[1, 2, 3, 4, 5, 6]"
838,0,1.3830954199564138,0.17146193462475878,"[1, 2, 3, 4, 5, 6]"
839,0,1.3830420581319456,0.10405114715440078,"[1, 2, 3, 4, 5, 6]"
840,0,1.3829990146203837,-0.02765073890694225,"[1, 2, 3, 4, 5, 6]"
841,0,1.3830040472634328,-0.24181911636457443,"[1, 2, 3, 4, 5, 6]"
842,0,1.3830156543659387,-0.03905481642276243,"[1, 2, 3, 4, 5, 6]"
843,0,1.3830703614788198,-0.2441629719674765,"[1, 2, 3, 4, 5, 6]"
844,0,1.383055384573529,0.35423167935574185,"[1, 2, 3, 4, 5, 6]"
845,0,1.3830676719380401,-0.14205887260689565,"[1, 2, 3, 4, 5, 6]"
846,0,1.383100605211953,-0.12048716440204288,"[1, 2, 3, 4, 5, 6]"
847,0,1.3831457274327537,-0.08518159222146693,"[1, 2, 3, 4, 5, 6]"
848,0,1.38317405789001,0.06769377886207195,"[1, 2, 3, 4, 5, 6]"
849,0,1.3831794078423278,0.11091005639949714,"[1, 2, 3, 4, 5, 6]"
850,0,1.3831480349408478,0.1990138454744823,"[1, 2, 3, 4, 5, 6]"
851,0,1.3831443338999452,-0.13492812214757066,"[1, 2, 3, 4, 5, 6]"
852,0,1.3831937251072093,-0.28966658900775144,"[1, 2, 3, 4, 5, 6]"
853,0,1.3832422115913707,-0.02204173292015099,"[1, 2, 3, 4, 5, 6]"
854,0,1.3832833982074202,0.013565571539238874,"[1, 2, 3, 4, 5, 6]"
855,0,1.3833470278926134,-0.14563540810939912,"[1, 2, 3, 4, 5, 6]"
856,0,1.383394182456332,0.05559900778334281,"[1, 2, 3, 4, 5, 6]"
857,0,1.3834501692591736,-0.07415286034717639,"[1, 2, 3, 4, 5, 6]"
858,0,1.3834477228428443,0.2895999502946083,"[1, 2, 3, 4, 5, 6]"
859,0,1.3834501059780622,-0.025114176848859415,"[1, 2, 3, 4, 5, 6]"
860,0,1.3834909327900597,-0.21173461069227528,"[1, 2, 3, 4, 5, 6]"
861,0,1.383497038815657,0.16772409612714512,"[1, 2, 3, 4, 5, 6]"
862,0,1.3835167062047198,-0.07749078030961698,"[1, 2, 3, 4, 5, 6]"
863,0,1.3834958352808522,0.2108907670382152,"[1, 2, 3, 4, 5, 6]"
864,0,1.3834839087100896,-0.03751412888482264,"[1, 2, 3, 4, 5, 6]"
865,0,1.3835269555125764,-0.2937455043576094,"[1, 2, 3, 4, 5, 6]"
866,0,1.3836130215607767,-0.25824372972270737,"[1, 2, 3, 4, 5, 6]"
867,0,1.3836681404421958,0.12209261827904072,"[1, 2, 3, 4, 5, 6]"
868,0,1.3836805198725466,0.2031619245785734,"[1, 2, 3, 4, 5, 6]"
869,0,1.3837331097908114,-0.22593124780594565,"[1, 2, 3, 4, 5, 6]"
870,0,1.3837855231177678,-0.02757767005829237,"[1, 2, 3, 4, 5, 6]"
871,0,1.3838268218220797,0.03210581515134692,"[1, 2, 3, 4, 5, 6]"
872,0,1.3838883318032391,-0.1324263233183416,"[1, 2, 3, 4, 5, 6]"
873,0,1.3839570509212367,-0.07256636301717379,"[1, 2, 3, 4, 5, 6]"
874,0,1.3840271194423102,-0.044566545461350415,"[1, 2, 3, 4, 5, 6]"
875,0,1.3840746134594561,0.0847927838474618,"[1, 2, 3, 4, 5, 6]"
876,0,1.3840937534760525,0.12838083444676585,"[1, 2, 3, 4, 5, 6]"
877,0,1.384172704359673,-0.3352478492312656,"[1, 2, 3, 4, 5, 6]"
878,0,1.3842320751634893,0.06361713124429969,"[1, 2, 3, 4, 5, 6]"
879,0,1.3842559095983984,0.1607689248383437,"[1, 2, 3, 4, 5, 6]"
880,0,1.3843110618721592,-0.1827686871244154,"[1, 2, 3, 4, 5, 6]"
881,0,1.3843612802462524,-0.0030320663467904296,"[1, 2, 3, 4, 5, 6]"
882,0,1.3843753876712794,0.1686088367772669,"[1, 2, 3, 4, 5, 6]"
883,0,1.3844356733836156,-0.257784145843857,"[1, 2, 3, 4, 5, 6]"
884,0,1.384501394438422,-0.06194793635788187,"[1, 2, 3, 4, 5, 6]"
885,0,1.3846131624888587,-0.2846729478946415,"[1, 2, 3, 4, 5, 6]"
886,0,1.3846886312357418,0.1361620189505075,"[1, 2, 3, 4, 5, 6]"
887,0,1.3847755133539266,-0.10237388735996689,"[1, 2, 3, 4, 5, 6]"
888,0,1.3848067571274354,0.25397829239948067,"[1, 2, 3, 4, 5, 6]"
889,0,1.384784316999075,0.2732510882722252,"[1, 2, 3, 4, 5, 6]"
890,0,1.3847684046880788,-0.023184250217965996,"[1, 2, 3, 4, 5, 6]"
891,0,1.3847717661838053,-0.09549294905129102,"[1, 2, 3, 4, 5, 6]"
892,0,1.384738611476104,0.19523893063246334,"[1, 2, 3, 4, 5, 6]"
893,0,1.384684052376532,0.1332623959697301,"[1, 2, 3, 4, 5, 6]"
894,0,1.38463464252224,0.0015372827713733273,"[1, 2, 3, 4, 5, 6]"
895,0,1.3845578828426917,0.17391206493142874,"[1, 2, 3, 4, 5, 6]"
896,0,1.3845023042395421,-0.07291040618514444,"[1, 2, 3, 4, 5, 6]"
897,0,1.3844521357281339,0.0006780355804352212,"[1, 2, 3, 4, 5, 6]"
898,0,1.3843787769993212,0.1517047664591118,"[1, 2, 3, 4, 5, 6]"
899,0,1.3842704154178507,0.22761494045347774,"[1, 2, 3, 4, 5, 6]"
900,0,1.3841125623235055,0.3241793924396177,"[1, 2, 3, 4, 5, 6]"
901,0,1.383992550558,-0.11888295759067802,"[1, 2, 3, 4, 5, 6]"
902,0,1.3838772735311564,0.0387888141585222,"[1, 2, 3, 4, 5, 6]"
903,0,1.3838356937826413,-0.3341142268289161,"[1, 2, 3, 4, 5, 6]"
904,0,1.3837707329693523,0.14774579271655597,"[1, 2, 3, 4, 5, 6]"
905,0,1.383757501596618,-0.24284778039456967,"[1, 2, 3, 4, 5, 6]"
906,0,1.3837332401414806,0.06622886430769626,"[1, 2, 3, 4, 5, 6]"
907,0,1.3836871921920422,0.12975819207804307,"[1, 2, 3, 4, 5, 6]"
908,0,1.3836122296766864,0.17953152852558674,"[1, 2, 3, 4, 5, 6]"
909,0,1.3835622684981197,-0.09392274427230518,"[1, 2, 3, 4, 5, 6]"
910,0,1.3835140889503799,0.017108008863509383,"[1, 2, 3, 4, 5, 6]"
911,0,1.3834786484866568,-0.04249334102931357,"[1, 2, 3, 4, 5, 6]"
912,0,1.3834144341572583,0.17281911397444105,"[1, 2, 3, 4, 5, 6]"
913,0,1.3833778903265619,-0.11375997734921128,"[1, 2, 3, 4, 5, 6]"
914,0,1.383299051903648,0.24553107233527527,"[1, 2, 3, 4, 5, 6]"
915,0,1.3831804027485477,0.2546682735974315,"[1, 2, 3, 4, 5, 6]"
916,0,1.3830607719133055,0.06836647998848377,"[1, 2, 3, 4, 5, 6]"
917,0,1.3829521756547498,0.004712308451431113,"[1, 2, 3, 4, 5, 6]"
918,0,1.3828509107918758,0.01860554103545553,"[1, 2, 3, 4, 5, 6]"
919,0,1.3827831113697395,-0.12469233063762886,"[1, 2, 3, 4, 5, 6]"
920,0,1.3827847128541821,-0.3340076394270568,"[1, 2, 3, 4, 5, 6]"
921,0,1.3828137958588351,-0.1473099039622312,"[1, 2, 3, 4, 5, 6]"
922,0,1.3828199731851663,0.10658763966137741,"[1, 2, 3, 4, 5, 6]"
923,0,1.3827909728357513,0.18404081312555576,"[1, 2, 3, 4, 5, 6]"
924,0,1.3828215726662798,-0.301855126986446,"[1, 2, 3, 4, 5, 6]"
925,0,1.3828751734803042,-0.1385948236075194,"[1, 2, 3, 4, 5, 6]"
926,0,1.3829051742948895,0.09711169885121507,"[1, 2, 3, 4, 5, 6]"
927,0,1.3829253465538969,0.03636038132083286,"[1, 2, 3, 4, 5, 6]"
928,0,1.3829817584193282,-0.20324827685441704,"[1, 2, 3, 4, 5, 6]"
929,0,1.3830424948048654,-0.05282055333171343,"[1, 2, 3, 4, 5, 6]"
930,0,1.3831194635175525,-0.11830893411895715,"[1, 2, 3, 4, 5, 6]"
931,0,1.3831861544107782,0.01385092557381995,"[1, 2, 3, 4, 5, 6]"
932,0,1.383279036402022,-0.174188604430924,"[1, 2, 3, 4, 5, 6]"
933,0,1.3834449579672699,-0.43638669380080586,"[1, 2, 3, 4, 5, 6]"
934,0,1.3835985945313243,-0.022501148768313328,"[1, 2, 3, 4, 5, 6]"
935,0,1.3837496684855102,-0.06752059942566291,"[1, 2, 3, 4, 5, 6]"
936,0,1.3838198427588149,0.3487435686188789,"[1, 2, 3, 4, 5, 6]"
937,0,1.38385366464343,0.1554382828543197,"[1, 2, 3, 4, 5, 6]"
938,0,1.3839347427165052,-0.2679055725841266,"[1, 2, 3, 4, 5, 6]"
939,0,1.383990035551564,0.09366734203351257,"[1, 2, 3, 4, 5, 6]"
940,0,1.3839981981775433,0.22007335636699565,"[1, 2, 3, 4, 5, 6]"
941,0,1.3840092877830719,-0.0197682886889865,"[1, 2, 3, 4, 5, 6]"
942,0,1.3839775463234272,0.22044684965824501,"[1, 2, 3, 4, 5, 6]"
943,0,1.3839285486384707,0.10783106534113784,"[1, 2, 3, 4, 5, 6]"
944,0,1.3839126811564697,-0.14911948974701517,"[1, 2, 3, 4, 5, 6]"
945,0,1.3839221646530684,-0.12542731889783454,"[1, 2, 3, 4, 5, 6]"
946,0,1.3838882180953218,0.22408999426950515,"[1, 2, 3, 4, 5, 6]"
947,0,1.3839144087003177,-0.2992352356174379,"[1, 2, 3, 4, 5, 6]"
948,0,1.3839172560291624,0.10927286211946807,"[1, 2, 3, 4, 5, 6]"
949,0,1.3839587971441945,-0.20533856636760106,"[1, 2, 3, 4, 5, 6]"
950,0,1.3839575613661523,0.20346733126400096,"[1, 2, 3, 4, 5, 6]"
951,0,1.383958834158004,-0.01255664282999902,"[1, 2, 3, 4, 5, 6]"
952,0,1.383942596462696,0.09146804933192954,"[1, 2, 3, 4, 5, 6]"
953,0,1.3839212929915938,0.03515303804294945,"[1, 2, 3, 4, 5, 6]"
954,0,1.3839675287481914,-0.3439269159630953,"[1, 2, 3, 4, 5, 6]"
955,0,1.384048551575895,-0.20702994228510363,"[1, 2, 3, 4, 5, 6]"
956,0,1.3841149262789347,0.03454190057234996,"[1, 2, 3, 4, 5, 6]"
957,0,1.3841399339105505,0.18249623647796653,"[1, 2, 3, 4, 5, 6]"
958,0,1.3841641680119325,-0.009018615468676217,"[1, 2, 3, 4, 5, 6]"
959,0,1.384171861430858,0.07411819276480713,"[1, 2, 3, 4, 5, 6]"
960,0,1.3841468327479882,0.16760077842529597,"[1, 2, 3, 4, 5, 6]"
961,0,1.3841392173008984,-0.07821811135571011,"[1, 2, 3, 4, 5, 6]"
962,0,1.384108133030704,0.1269674823040674,"[1, 2, 3, 4, 5, 6]"
963,0,1.3840830034399099,-0.014968885871027737,"[1, 2, 3, 4, 5, 6]"
964,0,1.3840653664863578,-0.026123066599105016,"[1, 2, 3, 4, 5, 6]"
965,0,1.3840234660687345,0.136201443168666,"[1, 2, 3, 4, 5, 6]"
966,0,1.3840123598844538,-0.13927809159989835,"[1, 2, 3, 4, 5, 6]"
967,0,1.383925529867954,0.4018397817583832,"[1, 2, 3, 4, 5, 6]"
968,0,1.3838177385834425,0.1548219461049598,"[1, 2, 3, 4, 5, 6]"
969,0,1.3836945246553476,0.13673079518543574,"[1, 2, 3, 4, 5, 6]"
970,0,1.3835900313234322,-0.03365955501961082,"[1, 2, 3, 4, 5, 6]"
971,0,1.3834956346635885,0.001646607674580025,"[1, 2, 3, 4, 5, 6]"
972,0,1.3833892228407487,0.11181531247359544,"[1, 2, 3, 4, 5, 6]"
973,0,1.3832437607585213,0.2590842564438347,"[1, 2, 3, 4, 5, 6]"
974,0,1.3830953595859343,0.09092895871528128,"[1, 2, 3, 4, 5, 6]"
975,0,1.3829924248570111,-0.15995002403288083,"[1, 2, 3, 4, 5, 6]"
976,0,1.3829103541602872,-0.05528029110733712,"[1, 2, 3, 4, 5, 6]"
977,0,1.3828806504747309,-0.23020579595710444,"[1, 2, 3, 4, 5, 6]"
978,0,1.3828593056030376,-0.028115380790239897,"[1, 2, 3, 4, 5, 6]"
979,0,1.3828440314696044,-0.020529471301095725,"[1, 2, 3, 4, 5, 6]"
980,0,1.3828604180894772,-0.1568257894896945,"[1, 2, 3, 4, 5, 6]"
981,0,1.3828565566618567,0.0968254442691645,"[1, 2, 3, 4, 5, 6]"
982,0,1.382928328355326,-0.3912494674266682,"[1, 2, 3, 4, 5, 6]"
983,0,1.3829745781706695,0.0954762367599713,"[1, 2, 3, 4, 5, 6]"
984,0,1.3830099880665092,0.032373483177629225,"[1, 2, 3, 4, 5, 6]"
985,0,1.3830539886360476,-0.06293956484307017,"[1, 2, 3, 4, 5, 6]"
986,0,1.383062415291529,0.16191404620597893,"[1, 2, 3, 4, 5, 6]"
987,0,1.3830947817477421,-0.12858914334435667,"[1, 2, 3, 4, 5, 6]"
988,0,1.3831398517105944,-0.08262790076048532,"[1, 2, 3, 4, 5, 6]"
989,0,1.3831586548017358,0.11291312318549984,"[1, 2, 3, 4, 5, 6]"
990,0,1.3832170097503695,-0.21472209684634436,"[1, 2, 3, 4, 5, 6]"
991,0,1.3833128311330605,-0.2242566775095156,"[1, 2, 3, 4, 5, 6]"
992,0,1.3834070322675616,-0.041064409351989184,"[1, 2, 3, 4, 5, 6]"
993,0,1.3834644000204566,0.1420964259906583,"[1, 2, 3, 4, 5, 6]"
994,0,1.383442520960971,0.38054269373015615,"[1, 2, 3, 4, 5, 6]"
995,0,1.3834385208643571,-0.08121509335718713,"[1, 2, 3, 4, 5, 6]"
996,0,1.3834640461357222,-0.15062602856481533,"[1, 2, 3, 4, 5, 6]"
997,0,1.3834717063380608,0.07920249503299459,"[1, 2, 3, 4, 5, 6]"
998,0,1.3835256893366916,-0.24331556370830754,"[1, 2, 3, 4, 5, 6]"
999,0,1.3835706018161258,0.019065039798462635,"[1, 2, 3, 4, 5, 6]"
1000,0,1.3835798058278639,0.1612696752328162,"[1, 2, 3, 4, 5, 6]"
